MODEL,MANUFACTURER,MODEL,VEHICLE CLASS,ENGINE SIZE,CYLINDERS,TRANSMISSION,FUEL,FUEL CONSUMPTION,,,,FUEL,CO2 EMISSIONS ,,,,,,
YEAR,,# = high output engine,,(L),,,TYPE,CITY (L/100 km),HWY (L/100 km),CITY (mi./gal.),HWY (mi./gal.),(L) / YEAR,(kg) / YEAR,,,,,,
2001,ACURA,3.2TL,MID-SIZE,3.2,6,AS5,Z,12.3,7.4,23,38,2019,4644,,,,,,
2001,ACURA,3.5RL,MID-SIZE,3.5,6,A4,Z,13.4,9.2,21,31,2302,5295,,,,,,
2001,ACURA,INTEGRA,SUBCOMPACT,1.8,4,A4,X,10.0,7.1,28,40,1739,4000,,,,,,
2001,ACURA,INTEGRA,SUBCOMPACT,1.8,4,M5,X,9.3,7.0,30,40,1653,3802,,,,,,
2001,ACURA,INTEGRA GS-R,SUBCOMPACT,1.8,4,M5,Z,9.4,7.1,30,40,1673,3848,,,,,,
2001,ACURA,MDX,SPECIAL PURPOSE,3.5,6,A5,Z,13.9,9.4,20,30,2375,5463,,,,,,
2001,ACURA,NSX,TWO-SEATER,3.0,6,AS4,Z,13.7,9.2,21,31,2335,5371,,,,,,
2001,ACURA,NSX,TWO-SEATER,3.2,6,M6,Z,14.0,9.1,20,31,2359,5426,,,,,,
2001,AUDI,A4,COMPACT,1.8,4,A5,Z,11.7,7.6,24,37,1971,4533,,,,,,
2001,AUDI,A4,COMPACT,1.8,4,M5,Z,10.4,6.8,27,42,1756,4039,,,,,,
2001,AUDI,A4,COMPACT,2.8,6,A5,Z,13.0,8.2,22,34,2168,4986,,,,,,
2001,AUDI,A4 QUATTRO,COMPACT,1.8,4,A5,Z,11.8,7.9,24,36,2009,4621,,,,,,
2001,AUDI,A4 QUATTRO,COMPACT,1.8,4,M5,Z,10.8,7.2,26,39,1836,4223,,,,,,
2001,AUDI,A4 QUATTRO,COMPACT,2.8,6,A5,Z,13.3,8.5,21,33,2228,5124,,,,,,
2001,AUDI,A4 QUATTRO,COMPACT,2.8,6,M5,Z,12.7,8.7,22,32,2180,5014,,,,,,
2001,AUDI,A6,MID-SIZE,2.8,6,A5,Z,13.4,8.6,21,33,2248,5170,,,,,,
2001,AUDI,A6 AVANT QUATTRO WAGON,STATION WAGON,2.8,6,A5,Z,13.8,9.1,20,31,2337,5375,,,,,,
2001,AUDI,A6 QUATTRO,MID-SIZE,2.7,6,A5,Z,13.6,8.9,21,32,2297,5283,,,,,,
2001,AUDI,A6 QUATTRO,MID-SIZE,2.7,6,M6,Z,13.6,9.1,21,31,2315,5325,,,,,,
2001,AUDI,A6 QUATTRO,MID-SIZE,2.8,6,A5,Z,13.8,9.1,20,31,2337,5375,,,,,,
2001,AUDI,A6 QUATTRO,MID-SIZE,4.2,8,A5,Z,13.8,8.7,20,32,2301,5292,,,,,,
2001,AUDI,A8 L,FULL-SIZE,4.2,8,A5,Z,13.8,8.7,20,32,2301,5292,,,,,,
2001,AUDI,A8 QUATTRO,FULL-SIZE,4.2,8,A5,Z,13.8,8.7,20,32,2301,5292,,,,,,
2001,AUDI,ALLROAD,SPECIAL PURPOSE,2.7,6,A5,Z,15.4,10.5,18,27,2639,6070,,,,,,
2001,AUDI,ALLROAD,SPECIAL PURPOSE,2.7,6,M6,Z,14.8,10.4,19,27,2564,5897,,,,,,
2001,AUDI,S4 QUATTRO,COMPACT,2.7,6,A5,Z,13.6,8.9,21,32,2297,5283,,,,,,
2001,AUDI,S4 QUATTRO,COMPACT,2.7,6,M6,Z,13.6,9.1,21,31,2315,5325,,,,,,
2001,AUDI,S8 QUATTRO #,MID-SIZE,4.2,8,A5,Z,16.0,10.1,18,28,2669,6139,,,,,,
2001,AUDI,TT COUPE QUATTRO,TWO-SEATER,1.8,4,M5,Z,11.6,7.6,24,37,1960,4508,,,,,,
2001,AUDI,TT COUPE QUATTRO #,TWO-SEATER,1.8,4,M6,Z,11.6,7.7,24,37,1969,4529,,,,,,
2001,AUDI,TT ROADSTER,TWO-SEATER,1.8,4,M5,Z,10.9,7.3,26,39,1856,4269,,,,,,
2001,AUDI,TT ROADSTER QUATTRO #,TWO-SEATER,1.8,4,M6,Z,11.6,7.7,24,37,1969,4529,,,,,,
2001,BMW,320i,COMPACT,2.2,6,A5,Z,11.6,7.4,24,38,1942,4467,,,,,,
2001,BMW,320i,COMPACT,2.2,6,M5,Z,11.3,7.2,25,39,1891,4349,,,,,,
2001,BMW,325Ci,SUBCOMPACT,2.5,6,A5,Z,11.8,7.9,24,36,2009,4621,,,,,,
2001,BMW,325Ci,SUBCOMPACT,2.5,6,M5,Z,11.5,7.3,25,39,1922,4421,,,,,,
2001,BMW,325Ci CONVERTIBLE,SUBCOMPACT,2.5,6,A5,Z,12.2,8.2,23,34,2080,4784,,,,,,
2001,BMW,325Ci CONVERTIBLE,SUBCOMPACT,2.5,6,M5,Z,12.4,8.0,23,35,2084,4793,,,,,,
2001,BMW,325i,COMPACT,2.5,6,A5,Z,11.8,7.9,24,36,2009,4621,,,,,,
2001,BMW,325i,COMPACT,2.5,6,M5,Z,11.5,7.3,25,39,1922,4421,,,,,,
2001,BMW,325xi,COMPACT,2.5,6,A5,Z,12.0,8.4,24,34,2076,4775,,,,,,
2001,BMW,325xi,COMPACT,2.5,6,M5,Z,12.1,8.0,23,35,2051,4717,,,,,,
2001,BMW,330Ci,SUBCOMPACT,3.0,6,A5,Z,11.6,7.7,24,37,1969,4529,,,,,,
2001,BMW,330Ci,SUBCOMPACT,3.0,6,M5,Z,11.3,7.3,25,39,1900,4370,,,,,,
2001,BMW,330Ci CONVERTIBLE,SUBCOMPACT,3.0,6,A5,Z,12.6,8.3,22,34,2133,4906,,,,,,
2001,BMW,330Ci CONVERTIBLE,SUBCOMPACT,3.0,6,M5,Z,12.9,8.7,22,32,2202,5065,,,,,,
2001,BMW,330i,COMPACT,3.0,6,A5,Z,11.6,7.7,24,37,1969,4529,,,,,,
2001,BMW,330i,COMPACT,3.0,6,M5,Z,11.3,7.3,25,39,1900,4370,,,,,,
2001,BMW,330xi,COMPACT,3.0,6,A5,Z,13.0,8.6,22,33,2204,5069,,,,,,
2001,BMW,330xi,COMPACT,3.0,6,M5,Z,11.9,7.9,24,36,2020,4646,,,,,,
2001,BMW,525i,COMPACT,2.5,6,A5,Z,11.8,7.9,24,36,2009,4621,,,,,,
2001,BMW,525i,COMPACT,2.5,6,M5,Z,11.5,7.3,25,39,1922,4421,,,,,,
2001,BMW,525i SPORT WAGON,STATION WAGON,2.5,6,A5,Z,12.2,8.2,23,34,2080,4784,,,,,,
2001,BMW,525i SPORT WAGON,STATION WAGON,2.5,6,M5,Z,12.4,8.0,23,35,2084,4793,,,,,,
2001,BMW,530i,COMPACT,3.0,6,A5,Z,12.6,8.3,22,34,2133,4906,,,,,,
2001,BMW,530i,COMPACT,3.0,6,M5,Z,11.3,7.3,25,39,1900,4370,,,,,,
2001,BMW,540i,COMPACT,4.4,8,A5,Z,13.1,8.8,22,32,2233,5136,,,,,,
2001,BMW,540i,COMPACT,4.4,8,M6,Z,14.7,9.1,19,31,2436,5603,,,,,,
2001,BMW,540i SPORT WAGON,STATION WAGON,4.4,8,A5,Z,13.9,10.1,20,28,2438,5607,,,,,,
2001,BMW,740i,MID-SIZE,4.4,8,A5,Z,13.8,9.2,20,31,2346,5396,,,,,,
2001,BMW,740iL,FULL-SIZE,4.4,8,A5,Z,13.8,9.2,20,31,2346,5396,,,,,,
2001,BMW,750iL,FULL-SIZE,5.4,12,A5,Z,17.3,10.8,16,26,2875,6613,,,,,,
2001,BMW,M COUPE,TWO-SEATER,3.2,6,M5,Z,13.6,8.8,21,32,2288,5262,,,,,,
2001,BMW,M ROADSTER,TWO-SEATER,3.2,6,M5,Z,13.6,8.8,21,32,2288,5262,,,,,,
2001,BMW,M3,SUBCOMPACT,3.2,6,M6,Z,14.5,9.0,19,31,2405,5532,,,,,,
2001,BMW,M3 CONVERTIBLE,SUBCOMPACT,3.2,6,M6,Z,14.9,9.4,19,30,2485,5716,,,,,,
2001,BMW,M5,COMPACT,4.9,8,M6,Z,17.5,10.5,16,27,2870,6601,,,,,,
2001,BMW,X5,SPECIAL PURPOSE,3.0,6,A5,Z,14.7,10.8,19,26,2589,5955,,,,,,
2001,BMW,X5,SPECIAL PURPOSE,3.0,6,M5,Z,15.6,10.6,18,27,2670,6141,,,,,,
2001,BMW,X5,SPECIAL PURPOSE,4.4,8,A5,Z,16.4,11.9,17,24,2875,6613,,,,,,
2001,BMW,Z3,TWO-SEATER,2.5,6,A4,Z,11.8,8.1,24,35,2027,4662,,,,,,
2001,BMW,Z3,TWO-SEATER,2.5,6,M5,Z,11.8,7.9,24,36,2009,4621,,,,,,
2001,BMW,Z3,TWO-SEATER,3.0,6,A5,Z,12.0,8.3,24,34,2067,4754,,,,,,
2001,BMW,Z3,TWO-SEATER,3.0,6,M5,Z,11.2,7.6,25,37,1916,4407,,,,,,
2001,BMW,Z8,TWO-SEATER,4.9,8,M6,Z,17.5,10.5,16,27,2870,6601,,,,,,
2001,BUICK,CENTURY,MID-SIZE,3.1,6,A4,X,11.5,7.6,25,37,1949,4483,,,,,,
2001,BUICK,LESABRE,FULL-SIZE,3.8,6,A4,X,12.3,7.3,23,39,2010,4623,,,,,,
2001,BUICK,PARK AVENUE,FULL-SIZE,3.8,6,A4,X,12.3,7.3,23,39,2010,4623,,,,,,
2001,BUICK,PARK AVENUE #,FULL-SIZE,3.8,6,A4,Z,12.9,7.7,22,37,2112,4858,,,,,,
2001,BUICK,REGAL,MID-SIZE,3.8,6,A4,X,12.7,7.4,22,38,2063,4745,,,,,,
2001,BUICK,REGAL #,MID-SIZE,3.8,6,A4,Z,12.9,7.7,22,37,2112,4858,,,,,,
2001,CADILLAC,CATERA,MID-SIZE,3.0,6,A4,Z,13.8,9.2,20,31,2346,5396,,,,,,
2001,CADILLAC,DEVILLE,FULL-SIZE,4.6,8,A4,Z,14.0,7.9,20,36,2251,5177,,,,,,
2001,CADILLAC,ELDORADO,MID-SIZE,4.6,8,A4,Z,14.0,7.9,20,36,2251,5177,,,,,,
2001,CADILLAC,SEVILLE,MID-SIZE,4.6,8,A4,Z,14.0,7.9,20,36,2251,5177,,,,,,
2001,CHEVROLET,ASTRO CARGO,MINIVAN,4.3,6,A4,X,13.8,9.7,20,29,2391,5499,,,,,,
2001,CHEVROLET,ASTRO CARGO AWD,MINIVAN,4.3,6,A4,X,15.5,10.9,18,26,2686,6178,,,,,,
2001,CHEVROLET,ASTRO PASSENGER,MINIVAN,4.3,6,A4,X,14.3,10.0,20,28,2473,5688,,,,,,
2001,CHEVROLET,ASTRO PASSENGER AWD,MINIVAN,4.3,6,A4,X,16.1,11.8,18,24,2833,6516,,,,,,
2001,CHEVROLET,BLAZER,SPECIAL PURPOSE,4.3,6,A4,X,13.8,9.7,20,29,2391,5499,,,,,,
2001,CHEVROLET,BLAZER,SPECIAL PURPOSE,4.3,6,M5,X,15.3,10.4,18,27,2619,6024,,,,,,
2001,CHEVROLET,BLAZER 4X4,SPECIAL PURPOSE,4.3,6,A4,X,15.5,10.9,18,26,2686,6178,,,,,,
2001,CHEVROLET,BLAZER 4X4,SPECIAL PURPOSE,4.3,6,M5,X,16.9,12.4,17,23,2975,6843,,,,,,
2001,CHEVROLET,C1500 SILVERADO,PICKUP TRUCK,4.3,6,A4,X,14.3,10.0,20,28,2473,5688,,,,,,
2001,CHEVROLET,C1500 SILVERADO,PICKUP TRUCK,4.3,6,M5,X,15.4,10.7,18,26,2657,6111,,,,,,
2001,CHEVROLET,C1500 SILVERADO,PICKUP TRUCK,4.8,8,A4,X,15.3,10.9,18,26,2664,6127,,,,,,
2001,CHEVROLET,C1500 SILVERADO,PICKUP TRUCK,4.8,8,M5,X,16.8,10.9,17,26,2829,6507,,,,,,
2001,CHEVROLET,C1500 SILVERADO,PICKUP TRUCK,5.3,8,A4,X,15.8,11.8,18,24,2800,6440,,,,,,
2001,CHEVROLET,C1500 SUBURBAN,SPECIAL PURPOSE,5.3,8,A4,X,16.9,12.7,17,22,3002,6905,,,,,,
2001,CHEVROLET,C1500 TAHOE,SPECIAL PURPOSE,4.8,8,A4,X,15.8,11.0,18,26,2728,6274,,,,,,
2001,CHEVROLET,C1500 TAHOE,SPECIAL PURPOSE,5.3,8,A4,X,16.9,12.7,17,22,3002,6905,,,,,,
2001,CHEVROLET,CAMARO,SUBCOMPACT,3.8,6,A4,X,12.2,7.1,23,40,1981,4556,,,,,,
2001,CHEVROLET,CAMARO,SUBCOMPACT,3.8,6,M5,X,12.3,7.0,23,40,1983,4561,,,,,,
2001,CHEVROLET,CAMARO,SUBCOMPACT,5.7,8,A4,Z,13.1,8.7,22,32,2224,5115,,,,,,
2001,CHEVROLET,CAMARO,SUBCOMPACT,5.7,8,M6,Z,12.4,8.0,23,35,2084,4793,,,,,,
2001,CHEVROLET,CAVALIER,COMPACT,2.2,4,A4,X,10.3,7.1,27,40,1772,4076,,,,,,
2001,CHEVROLET,CAVALIER,COMPACT,2.2,4,M5,X,10.8,6.8,26,42,1800,4140,,,,,,
2001,CHEVROLET,CAVALIER,COMPACT,2.4,4,A4,X,11.4,7.6,25,37,1938,4457,,,,,,
2001,CHEVROLET,CAVALIER,COMPACT,2.4,4,M5,X,11.2,6.9,25,41,1853,4262,,,,,,
2001,CHEVROLET,CAVALIER BI-FUEL,COMPACT,2.2,4,A4,X,10.3,7.1,27,40,1772,4076,,,,,,
2001,CHEVROLET,CORVETTE,TWO-SEATER,5.7,8,A4,Z,13.1,8.6,22,33,2215,5095,,,,,,
2001,CHEVROLET,CORVETTE,TWO-SEATER,5.7,8,M6,Z,12.4,7.9,23,36,2075,4773,,,,,,
2001,CHEVROLET,G15/G25 CHEVY VAN,MINIVAN,4.3,6,A4,X,15.9,11.9,18,24,2820,6486,,,,,,
2001,CHEVROLET,G15/G25 CHEVY VAN,MINIVAN,5.0,8,A4,X,16.9,12.5,17,23,2984,6863,,,,,,
2001,CHEVROLET,G15/G25 CHEVY VAN,MINIVAN,5.7,8,A4,X,17.4,12.7,16,22,3057,7031,,,,,,
2001,CHEVROLET,G1500/G2500 CHEVY EXPRESS,MINIVAN,4.3,6,A4,X,16.5,12.2,17,23,2913,6700,,,,,,
2001,CHEVROLET,G1500/G2500 CHEVY EXPRESS,MINIVAN,5.0,8,A4,X,16.9,12.5,17,23,2984,6863,,,,,,
2001,CHEVROLET,G1500/G2500 CHEVY EXPRESS,MINIVAN,5.7,8,A4,X,18.0,12.8,16,22,3132,7204,,,,,,
2001,CHEVROLET,IMPALA,FULL-SIZE,3.4,6,A4,X,11.0,6.7,26,42,1813,4170,,,,,,
2001,CHEVROLET,IMPALA,FULL-SIZE,3.8,6,A4,X,12.7,7.4,22,38,2063,4745,,,,,,
2001,CHEVROLET,K1500 SILVERADO 4X4,PICKUP TRUCK,4.3,6,A4,X,15.5,10.9,18,26,2686,6178,,,,,,
2001,CHEVROLET,K1500 SILVERADO 4X4,PICKUP TRUCK,4.3,6,M5,X,16.9,12.4,17,23,2975,6843,,,,,,
2001,CHEVROLET,K1500 SILVERADO 4X4,PICKUP TRUCK,4.8,8,A4,X,15.4,11.6,18,24,2738,6297,,,,,,
2001,CHEVROLET,K1500 SILVERADO 4X4,PICKUP TRUCK,4.8,8,M5,X,18.4,12.6,15,22,3158,7263,,,,,,
2001,CHEVROLET,K1500 SILVERADO 4X4,PICKUP TRUCK,5.3,8,A4,X,16.2,12.4,17,23,2898,6665,,,,,,
2001,CHEVROLET,K1500 SUBURBAN 4X4,SPECIAL PURPOSE,5.3,8,A4,X,17.3,13.2,16,21,3091,7109,,,,,,
2001,CHEVROLET,K1500 TAHOE 4X4,SPECIAL PURPOSE,4.8,8,A4,X,15.4,11.6,18,24,2738,6297,,,,,,
2001,CHEVROLET,K1500 TAHOE 4X4,SPECIAL PURPOSE,5.3,8,A4,X,17.1,12.8,17,22,3033,6976,,,,,,
2001,CHEVROLET,MALIBU,MID-SIZE,3.1,6,A4,X,11.5,7.6,25,37,1949,4483,,,,,,
2001,CHEVROLET,MONTE CARLO,MID-SIZE,3.4,6,A4,X,11.0,6.7,26,42,1813,4170,,,,,,
2001,CHEVROLET,MONTE CARLO,MID-SIZE,3.8,6,A4,X,12.7,7.4,22,38,2063,4745,,,,,,
2001,CHEVROLET,S10,PICKUP TRUCK,4.3,6,A4,X,13.8,9.7,20,29,2391,5499,,,,,,
2001,CHEVROLET,S10,PICKUP TRUCK,4.3,6,M5,X,15.3,10.4,18,27,2619,6024,,,,,,
2001,CHEVROLET,S10 4X4,PICKUP TRUCK,4.3,6,A4,X,16.4,12.4,17,23,2920,6716,,,,,,
2001,CHEVROLET,S10 4X4,PICKUP TRUCK,4.3,6,M5,X,16.8,12.2,17,23,2946,6776,,,,,,
2001,CHEVROLET,S10 FFV,PICKUP TRUCK,2.2,4,A4,X,12.6,8.5,22,33,2151,4947,,,,,,
2001,CHEVROLET,S10 FFV,PICKUP TRUCK,2.2,4,A4,E,17.7,12.2,16,23,3045,4872,,,,,,
2001,CHEVROLET,S10 FFV,PICKUP TRUCK,2.2,4,M5,X,11.5,7.8,25,36,1967,4524,,,,,,
2001,CHEVROLET,S10 FFV,PICKUP TRUCK,2.2,4,M5,E,15.6,11.0,18,26,2706,4330,,,,,,
2001,CHEVROLET,TRACKER CONVERTIBLE 4X4,SPECIAL PURPOSE,1.6,4,M5,X,9.2,7.6,31,37,1696,3901,,,,,,
2001,CHEVROLET,TRACKER CONVERTIBLE 4X4,SPECIAL PURPOSE,2.0,4,A4,X,10.3,8.4,27,34,1889,4345,,,,,,
2001,CHEVROLET,TRACKER CONVERTIBLE 4X4,SPECIAL PURPOSE,2.0,4,M5,X,10.5,8.4,27,34,1911,4395,,,,,,
2001,CHEVROLET,TRACKER VAN 4X4,SPECIAL PURPOSE,2.0,4,A4,X,10.3,8.3,27,34,1880,4324,,,,,,
2001,CHEVROLET,TRACKER VAN 4X4,SPECIAL PURPOSE,2.0,4,M5,X,10.5,8.4,27,34,1911,4395,,,,,,
2001,CHEVROLET,VENTURE,MINIVAN,3.4,6,A4,X,12.3,8.3,23,34,2100,4830,,,,,,
2001,CHRYSLER,300M,FULL-SIZE,3.5,6,AS4,X,13.1,8.4,22,34,2197,5053,,,,,,
2001,CHRYSLER,CONCORDE,FULL-SIZE,2.7,6,A4,X,11.9,7.8,24,36,2011,4625,,,,,,
2001,CHRYSLER,CONCORDE,FULL-SIZE,3.2,6,A4,X,12.6,8.0,22,35,2106,4844,,,,,,
2001,CHRYSLER,INTREPID,FULL-SIZE,2.7,6,A4,X,11.9,7.8,24,36,2011,4625,,,,,,
2001,CHRYSLER,INTREPID,FULL-SIZE,2.7,6,AS4,X,11.8,7.6,24,37,1982,4559,,,,,,
2001,CHRYSLER,INTREPID,FULL-SIZE,3.2,6,AS4,X,12.6,8.0,22,35,2106,4844,,,,,,
2001,CHRYSLER,INTREPID,FULL-SIZE,3.5,6,AS4,X,13.1,8.4,22,34,2197,5053,,,,,,
2001,CHRYSLER,LHS,FULL-SIZE,3.5,6,A4,X,13.1,8.3,22,34,2188,5032,,,,,,
2001,CHRYSLER,NEON,COMPACT,2.0,4,A3,X,9.9,7.0,29,40,1719,3954,,,,,,
2001,CHRYSLER,NEON,COMPACT,2.0,4,M5,X,8.6,6.5,33,43,1531,3521,,,,,,
2001,CHRYSLER,NEON R/T #,COMPACT,2.0,4,M5,X,9.2,6.7,31,42,1615,3715,,,,,,
2001,CHRYSLER,PT CRUISER,SPECIAL PURPOSE,2.4,4,A4,X,11.9,8.6,24,33,2083,4791,,,,,,
2001,CHRYSLER,PT CRUISER,SPECIAL PURPOSE,2.4,4,M5,X,11.7,8.3,24,34,2034,4678,,,,,,
2001,CHRYSLER,SEBRING,MID-SIZE,2.4,4,A4,X,11.7,7.0,24,40,1917,4409,,,,,,
2001,CHRYSLER,SEBRING,MID-SIZE,2.7,6,A4,X,11.9,7.8,24,36,2011,4625,,,,,,
2001,CHRYSLER,SEBRING,MID-SIZE,2.7,6,AS4,X,11.8,7.6,24,37,1982,4559,,,,,,
2001,CHRYSLER,SEBRING CONVERTIBLE,COMPACT,2.7,6,A4,X,11.9,7.8,24,36,2011,4625,,,,,,
2001,CHRYSLER,SEBRING CONVERTIBLE,COMPACT,2.7,6,AS4,X,11.8,7.6,24,37,1982,4559,,,,,,
2001,CHRYSLER,SEBRING COUPE,COMPACT,2.4,4,A4,X,11.5,7.9,25,36,1976,4545,,,,,,
2001,CHRYSLER,SEBRING COUPE,COMPACT,3.0,6,A4,X,12.3,8.0,23,35,2073,4768,,,,,,
2001,CHRYSLER,SEBRING COUPE,COMPACT,3.0,6,AS4,X,12.3,8.1,23,35,2082,4789,,,,,,
2001,CHRYSLER,SEBRING COUPE,COMPACT,3.0,6,M5,X,11.6,7.7,24,37,1969,4529,,,,,,
2001,CHRYSLER,TOWN & COUNTRY,MINIVAN,3.3,6,A4,X,13.3,9.0,21,31,2273,5228,,,,,,
2001,CHRYSLER,TOWN & COUNTRY,MINIVAN,3.8,6,A4,X,13.7,9.2,21,31,2335,5371,,,,,,
2001,CHRYSLER,TOWN & COUNTRY AWD,MINIVAN,3.8,6,A4,X,14.0,9.6,20,29,2404,5529,,,,,,
2001,DAEWOO,LANOS,COMPACT,1.5,4,A4,X,9.9,5.9,29,48,1620,3726,,,,,,
2001,DAEWOO,LANOS,COMPACT,1.5,4,M5,X,9.0,5.9,31,48,1521,3498,,,,,,
2001,DAEWOO,LANOS,COMPACT,1.6,4,A4,X,10.2,6.4,28,44,1698,3905,,,,,,
2001,DAEWOO,LANOS,COMPACT,1.6,4,M5,X,9.1,6.0,31,47,1541,3544,,,,,,
2001,DAEWOO,LEGANZA,MID-SIZE,2.2,4,A4,X,11.9,7.8,24,36,2011,4625,,,,,,
2001,DAEWOO,LEGANZA,MID-SIZE,2.2,4,M5,X,11.6,7.4,24,38,1942,4467,,,,,,
2001,DAEWOO,NUBIRA,COMPACT,2.0,4,A4,X,10.6,7.1,27,40,1805,4152,,,,,,
2001,DAEWOO,NUBIRA,COMPACT,2.0,4,M5,X,10.5,6.9,27,41,1776,4085,,,,,,
2001,DAEWOO,NUBIRA WAGON,STATION WAGON,2.0,4,A4,X,10.6,7.1,27,40,1805,4152,,,,,,
2001,DAEWOO,NUBIRA WAGON,STATION WAGON,2.0,4,M5,X,10.5,6.9,27,41,1776,4085,,,,,,
2001,DODGE,CARAVAN,MINIVAN,3.3,6,A4,X,13.3,9.0,21,31,2273,5228,,,,,,
2001,DODGE,DAKOTA,PICKUP TRUCK,3.9,6,A4,X,15.1,10.7,19,26,2624,6035,,,,,,
2001,DODGE,DAKOTA,PICKUP TRUCK,3.9,6,M5,X,15.9,10.1,18,28,2658,6113,,,,,,
2001,DODGE,DAKOTA,PICKUP TRUCK,3.9,6,M5,X,16.2,10.2,17,28,2700,6210,,,,,,
2001,DODGE,DAKOTA,PICKUP TRUCK,4.7,8,A4,X,16.6,11.1,17,25,2825,6498,,,,,,
2001,DODGE,DAKOTA,PICKUP TRUCK,4.7,8,M5,X,16.1,10.6,18,27,2725,6268,,,,,,
2001,DODGE,DAKOTA,PICKUP TRUCK,5.9,8,A4,X,18.8,12.6,15,22,3202,7365,,,,,,
2001,DODGE,DAKOTA 4X4,PICKUP TRUCK,3.9,6,A4,X,16.3,11.9,17,24,2864,6587,,,,,,
2001,DODGE,DAKOTA 4X4,PICKUP TRUCK,3.9,6,M5,X,16.3,10.9,17,26,2774,6380,,,,,,
2001,DODGE,DAKOTA 4X4,PICKUP TRUCK,4.7,8,A4,X,17.7,11.9,16,24,3018,6941,,,,,,
2001,DODGE,DAKOTA 4X4,PICKUP TRUCK,4.7,8,M5,X,16.8,11.6,17,24,2892,6652,,,,,,
2001,DODGE,DAKOTA 4X4,PICKUP TRUCK,5.9,8,A4,X,19.6,12.8,14,22,3308,7608,,,,,,
2001,DODGE,DAKOTA 4X4,PICKUP TRUCK,5.9,8,A4,X,19.9,12.8,14,22,3341,7684,,,,,,
2001,DODGE,DURANGO 4X4,SPECIAL PURPOSE,4.7,8,A4,X,18.3,12.2,15,23,3111,7155,,,,,,
2001,DODGE,DURANGO 4X4,SPECIAL PURPOSE,5.9,8,A4,X,19.6,12.8,14,22,3308,7608,,,,,,
2001,DODGE,DURANGO 5.9 R/T 4X4 #,SPECIAL PURPOSE,5.9,8,A4,Z,19.6,12.8,14,22,3308,7608,,,,,,
2001,DODGE,GRAND CARAVAN,MINIVAN,3.3,6,A4,X,13.3,9.0,21,31,2273,5228,,,,,,
2001,DODGE,GRAND CARAVAN,MINIVAN,3.8,6,A4,X,13.7,9.2,21,31,2335,5371,,,,,,
2001,DODGE,GRAND CARAVAN,MINIVAN,3.8,6,AS4,X,13.7,9.1,21,31,2326,5350,,,,,,
2001,DODGE,GRAND CARAVAN AWD,MINIVAN,3.8,6,A4,X,14.0,9.6,20,29,2404,5529,,,,,,
2001,DODGE,GRAND CARAVAN AWD,MINIVAN,3.8,6,AS4,X,14.2,9.5,20,30,2417,5559,,,,,,
2001,DODGE,RAM 1500,PICKUP TRUCK,3.9,6,A4,X,15.3,10.8,18,26,2655,6107,,,,,,
2001,DODGE,RAM 1500,PICKUP TRUCK,3.9,6,A4,X,15.2,11.0,19,26,2662,6123,,,,,,
2001,DODGE,RAM 1500,PICKUP TRUCK,3.9,6,M5,X,16.4,10.5,17,27,2749,6323,,,,,,
2001,DODGE,RAM 1500,PICKUP TRUCK,3.9,6,M5,X,15.9,10.4,18,27,2685,6176,,,,,,
2001,DODGE,RAM 1500,PICKUP TRUCK,5.2,8,A4,X,18.2,11.9,16,24,3073,7068,,,,,,
2001,DODGE,RAM 1500,PICKUP TRUCK,5.2,8,A4,X,18.1,11.7,16,24,3044,7001,,,,,,
2001,DODGE,RAM 1500,PICKUP TRUCK,5.2,8,M5,X,18.3,11.4,15,25,3039,6990,,,,,,
2001,DODGE,RAM 1500,PICKUP TRUCK,5.9,8,A4,X,19.4,12.5,15,23,3259,7496,,,,,,
2001,DODGE,RAM 1500,PICKUP TRUCK,5.9,8,A4,X,19.4,11.9,15,24,3205,7372,,,,,,
2001,DODGE,RAM 1500 4X4,PICKUP TRUCK,5.2,8,A4,X,19.6,13.3,14,21,3353,7712,,,,,,
2001,DODGE,RAM 1500 4X4,PICKUP TRUCK,5.2,8,M5,X,20.1,13.1,14,22,3390,7797,,,,,,
2001,DODGE,RAM 1500 4X4,PICKUP TRUCK,5.9,8,A4,X,19.6,12.5,14,23,3281,7546,,,,,,
2001,DODGE,RAM 1500 VAN,MINIVAN,3.9,6,A3,X,16.0,13.1,18,22,2939,6760,,,,,,
2001,DODGE,RAM 1500 VAN,MINIVAN,5.2,8,A4,X,18.1,11.8,16,24,3053,7022,,,,,,
2001,DODGE,RAM 1500 VAN,MINIVAN,5.9,8,A4,X,19.5,12.5,14,23,3270,7521,,,,,,
2001,DODGE,RAM 1500 WAGON,MINIVAN,3.9,6,A3,X,17.1,13.2,17,21,3069,7059,,,,,,
2001,DODGE,RAM 1500 WAGON,MINIVAN,5.2,8,A4,X,18.1,11.8,16,24,3053,7022,,,,,,
2001,DODGE,RAM 2500 VAN,MINIVAN,3.9,6,A3,X,17.1,13.2,17,21,3069,7059,,,,,,
2001,DODGE,RAM 2500 VAN,MINIVAN,5.2,8,A4,X,18.1,11.8,16,24,3053,7022,,,,,,
2001,DODGE,RAM 2500 VAN,MINIVAN,5.9,8,A4,X,19.5,12.5,14,23,3270,7521,,,,,,
2001,DODGE,RAM 2500 VAN CNG,MINIVAN,5.2,8,A4,N,18.9,14.0,15,20,3339,6311,,,,,,
2001,DODGE,RAM 2500 WAGON,MINIVAN,5.2,8,A4,X,19.4,13.5,15,21,3349,7703,,,,,,
2001,DODGE,RAM 2500 WAGON,MINIVAN,5.9,8,A4,X,19.6,12.4,14,23,3272,7526,,,,,,
2001,DODGE,RAM 2500 WAGON CNG,MINIVAN,5.2,8,A4,N,19.4,13.8,15,20,3376,6381,,,,,,
2001,DODGE,VIPER GTS,TWO-SEATER,8.0,10,M6,Z,20.9,10.5,14,27,3244,7461,,,,,,
2001,DODGE,VIPER RT/10,TWO-SEATER,8.0,10,M6,Z,20.9,10.5,14,27,3244,7461,,,,,,
2001,FORD,COUGAR,COMPACT,2.5,6,A4,X,11.8,7.5,24,38,1973,4538,,,,,,
2001,FORD,COUGAR,COMPACT,2.5,6,M5,X,11.4,7.2,25,39,1902,4375,,,,,,
2001,FORD,CROWN VICTORIA,FULL-SIZE,4.6,8,A4,X,13.3,8.6,21,33,2237,5145,,,,,,
2001,FORD,CROWN VICTORIA NGV,FULL-SIZE,4.6,8,A4,N,15.6,9.4,18,30,2562,4842,,,,,,
2001,FORD,E150 CLUB WAGON,MINIVAN,4.2,6,A4,X,16.2,11.1,17,25,2781,6396,,,,,,
2001,FORD,E150 CLUB WAGON,MINIVAN,4.6,8,A4,X,16.3,11.0,17,26,2783,6401,,,,,,
2001,FORD,E150 CLUB WAGON,MINIVAN,5.4,8,A4,X,18.3,12.8,15,22,3165,7280,,,,,,
2001,FORD,E150 VAN,MINIVAN,4.2,6,A4,X,16.2,11.1,17,25,2781,6396,,,,,,
2001,FORD,E150 VAN,MINIVAN,4.6,8,A4,X,15.0,10.5,19,27,2595,5969,,,,,,
2001,FORD,E150 VAN,MINIVAN,5.4,8,A4,X,16.1,11.3,18,25,2788,6412,,,,,,
2001,FORD,E250 VAN,MINIVAN,4.2,6,A4,X,16.2,11.1,17,25,2781,6396,,,,,,
2001,FORD,E250 VAN,MINIVAN,5.4,8,A4,X,18.9,13.8,15,20,3321,7638,,,,,,
2001,FORD,E250 VAN NGV,MINIVAN,5.4,8,A4,N,20.1,14.9,14,19,3552,6713,,,,,,
2001,FORD,ESCAPE,SPECIAL PURPOSE,2.0,4,M5,X,10.0,7.7,28,37,1793,4124,,,,,,
2001,FORD,ESCAPE,SPECIAL PURPOSE,3.0,6,A4,X,13.1,8.9,22,32,2242,5157,,,,,,
2001,FORD,ESCAPE 4X4,SPECIAL PURPOSE,2.0,4,M5,X,10.6,8.3,27,34,1913,4400,,,,,,
2001,FORD,ESCAPE 4X4,SPECIAL PURPOSE,3.0,6,A4,X,13.4,9.2,21,31,2302,5295,,,,,,
2001,FORD,EX SPORT 4X4,SPECIAL PURPOSE,4.0,6,A5,X,15.7,11.2,18,25,2735,6291,,,,,,
2001,FORD,EX SPORT TRAC,PICKUP TRUCK,4.0,6,A5,X,15.0,10.6,19,27,2604,5989,,,,,,
2001,FORD,EX SPORT TRAC,PICKUP TRUCK,4.0,6,M5,X,13.7,10.3,21,27,2434,5598,,,,,,
2001,FORD,EX SPORT TRAC 4X4,PICKUP TRUCK,4.0,6,A5,X,15.7,11.2,18,25,2735,6291,,,,,,
2001,FORD,EX SPORT TRAC 4X4,PICKUP TRUCK,4.0,6,M5,X,14.6,11.0,19,26,2596,5971,,,,,,
2001,FORD,EXPEDITION 4X4,SPECIAL PURPOSE,4.6,8,A4,X,16.9,11.9,17,24,2930,6739,,,,,,
2001,FORD,EXPEDITION 4X4,SPECIAL PURPOSE,5.4,8,A4,X,19.2,13.1,15,22,3291,7569,,,,,,
2001,FORD,EXPLORER 4X4,SPECIAL PURPOSE,4.0,6,A5,X,15.7,11.2,18,25,2735,6291,,,,,,
2001,FORD,EXPLORER 4X4,SPECIAL PURPOSE,5.0,8,A4,X,16.8,11.3,17,25,2865,6590,,,,,,
2001,FORD,F150,PICKUP TRUCK,4.2,6,A4,X,14.7,10.7,19,26,2580,5934,,,,,,
2001,FORD,F150,PICKUP TRUCK,4.2,6,M5,X,14.5,10.7,19,26,2558,5883,,,,,,
2001,FORD,F150,PICKUP TRUCK,4.6,8,A4,X,15.0,10.6,19,27,2604,5989,,,,,,
2001,FORD,F150,PICKUP TRUCK,4.6,8,M5,X,15.5,11.3,18,25,2722,6261,,,,,,
2001,FORD,F150,PICKUP TRUCK,5.4,8,A4,X,16.1,11.3,18,25,2788,6412,,,,,,
2001,FORD,F150 4X4,PICKUP TRUCK,4.2,6,A4,X,15.4,11.4,18,25,2720,6256,,,,,,
2001,FORD,F150 4X4,PICKUP TRUCK,4.2,6,M5,X,15.5,11.5,18,25,2740,6302,,,,,,
2001,FORD,F150 4X4,PICKUP TRUCK,4.6,8,A4,X,15.6,11.7,18,24,2769,6369,,,,,,
2001,FORD,F150 4X4,PICKUP TRUCK,4.6,8,M5,X,16.6,11.9,17,24,2897,6663,,,,,,
2001,FORD,F150 4X4,PICKUP TRUCK,5.4,8,A4,X,17.4,12.8,16,22,3066,7052,,,,,,
2001,FORD,FOCUS,COMPACT,2.0,4,A4,X,9.2,6.6,31,43,1606,3694,,,,,,
2001,FORD,FOCUS,COMPACT,2.0,4,M5,X,8.3,6.0,34,47,1453,3342,,,,,,
2001,FORD,FOCUS #,COMPACT,2.0,4,A4,X,9.5,6.9,30,41,1666,3832,,,,,,
2001,FORD,FOCUS #,COMPACT,2.0,4,M5,X,9.5,6.6,30,43,1639,3770,,,,,,
2001,FORD,FOCUS WAGON,STATION WAGON,2.0,4,A4,X,9.2,6.6,31,43,1606,3694,,,,,,
2001,FORD,FOCUS WAGON,STATION WAGON,2.0,4,M5,X,8.3,6.0,34,47,1453,3342,,,,,,
2001,FORD,FOCUS WAGON #,STATION WAGON,2.0,4,A4,X,9.5,6.9,30,41,1666,3832,,,,,,
2001,FORD,FOCUS WAGON #,STATION WAGON,2.0,4,M5,X,9.5,6.6,30,43,1639,3770,,,,,,
2001,FORD,GRAND MARQUIS,FULL-SIZE,4.6,8,A4,X,13.3,8.6,21,33,2237,5145,,,,,,
2001,FORD,MUSTANG,SUBCOMPACT,3.8,6,A4,X,12.3,8.1,23,35,2082,4789,,,,,,
2001,FORD,MUSTANG,SUBCOMPACT,3.8,6,M5,X,12.2,7.5,23,38,2017,4639,,,,,,
2001,FORD,MUSTANG,SUBCOMPACT,4.6,8,A4,X,13.2,8.7,21,32,2235,5141,,,,,,
2001,FORD,MUSTANG,SUBCOMPACT,4.6,8,M5,X,13.4,8.7,21,32,2257,5191,,,,,,
2001,FORD,MUSTANG #,SUBCOMPACT,4.6,8,M5,Z,13.9,8.7,20,32,2312,5318,,,,,,
2001,FORD,RANGER,PICKUP TRUCK,3.0,6,A5,X,14.3,10.2,20,28,2491,5729,,,,,,
2001,FORD,RANGER,PICKUP TRUCK,3.0,6,M5,X,13.6,9.6,21,29,2360,5428,,,,,,
2001,FORD,RANGER,PICKUP TRUCK,4.0,6,A5,X,14.2,10.2,20,28,2480,5704,,,,,,
2001,FORD,RANGER,PICKUP TRUCK,4.0,6,M5,X,13.7,10.2,21,28,2425,5578,,,,,,
2001,FORD,RANGER 4X4,PICKUP TRUCK,3.0,6,A5,X,15.7,11.5,18,25,2762,6353,,,,,,
2001,FORD,RANGER 4X4,PICKUP TRUCK,3.0,6,M5,X,14.1,10.7,20,26,2514,5782,,,,,,
2001,FORD,RANGER 4X4,PICKUP TRUCK,4.0,6,A5,X,15.6,11.5,18,25,2751,6327,,,,,,
2001,FORD,RANGER 4X4,PICKUP TRUCK,4.0,6,M5,X,15.2,11.2,19,25,2680,6164,,,,,,
2001,FORD,TAURUS,MID-SIZE,3.0,6,A4,X,13.0,8.0,22,35,2150,4945,,,,,,
2001,FORD,TAURUS #,MID-SIZE,3.0,6,A4,X,12.0,8.0,24,35,2040,4692,,,,,,
2001,FORD,TAURUS WAGON,STATION WAGON,3.0,6,A4,X,13.3,8.3,21,34,2210,5083,,,,,,
2001,FORD,TAURUS WAGON #,STATION WAGON,3.0,6,A4,X,12.7,8.4,22,34,2153,4952,,,,,,
2001,FORD,WINDSTAR WAGON,MINIVAN,3.8,6,A4,X,13.3,9.1,21,31,2282,5249,,,,,,
2001,GMC,C1500 SIERRA,PICKUP TRUCK,4.3,6,A4,X,14.3,10.0,20,28,2473,5688,,,,,,
2001,GMC,C1500 SIERRA,PICKUP TRUCK,4.3,6,M5,X,15.4,10.8,18,26,2666,6132,,,,,,
2001,GMC,C1500 SIERRA,PICKUP TRUCK,4.8,8,A4,X,15.3,10.8,18,26,2655,6107,,,,,,
2001,GMC,C1500 SIERRA,PICKUP TRUCK,4.8,8,M5,X,16.8,10.9,17,26,2829,6507,,,,,,
2001,GMC,C1500 SIERRA,PICKUP TRUCK,5.3,8,A4,X,15.8,11.7,18,24,2791,6419,,,,,,
2001,GMC,C1500 YUKON,SPECIAL PURPOSE,4.8,8,A4,X,15.8,11.0,18,26,2728,6274,,,,,,
2001,GMC,C1500 YUKON,SPECIAL PURPOSE,5.3,8,A4,X,16.9,12.7,17,22,3002,6905,,,,,,
2001,GMC,C1500 YUKON XL,SPECIAL PURPOSE,5.3,8,A4,X,16.9,12.7,17,22,3002,6905,,,,,,
2001,GMC,G15/G25 SAVANA CARGO,MINIVAN,4.3,6,A4,X,16.0,11.9,18,24,2831,6511,,,,,,
2001,GMC,G15/G25 SAVANA CARGO,MINIVAN,5.0,8,A4,X,16.9,12.5,17,23,2984,6863,,,,,,
2001,GMC,G15/G25 SAVANA CARGO,MINIVAN,5.7,8,A4,X,17.4,12.7,16,22,3057,7031,,,,,,
2001,GMC,G1500/G2500 SAVANA PASSENGER,MINIVAN,4.3,6,A4,X,16.5,12.2,17,23,2913,6700,,,,,,
2001,GMC,G1500/G2500 SAVANA PASSENGER,MINIVAN,5.0,8,A4,X,16.9,12.5,17,23,2984,6863,,,,,,
2001,GMC,G1500/G2500 SAVANA PASSENGER,MINIVAN,5.7,8,A4,X,18.0,12.8,16,22,3132,7204,,,,,,
2001,GMC,JIMMY,SPECIAL PURPOSE,4.3,6,A4,X,13.8,9.7,20,29,2391,5499,,,,,,
2001,GMC,JIMMY,SPECIAL PURPOSE,4.3,6,M5,X,15.3,10.4,18,27,2619,6024,,,,,,
2001,GMC,JIMMY 4X4,SPECIAL PURPOSE,4.3,6,A4,X,15.5,10.9,18,26,2686,6178,,,,,,
2001,GMC,JIMMY 4X4,SPECIAL PURPOSE,4.3,6,M5,X,16.9,12.4,17,23,2975,6843,,,,,,
2001,GMC,K1500 SIERRA 4X4,PICKUP TRUCK,4.3,6,A4,X,15.5,10.9,18,26,2686,6178,,,,,,
2001,GMC,K1500 SIERRA 4X4,PICKUP TRUCK,4.3,6,M5,X,16.9,12.4,17,23,2975,6843,,,,,,
2001,GMC,K1500 SIERRA 4X4,PICKUP TRUCK,4.8,8,A4,X,15.4,11.6,18,24,2738,6297,,,,,,
2001,GMC,K1500 SIERRA 4X4,PICKUP TRUCK,4.8,8,M5,X,18.4,12.6,15,22,3158,7263,,,,,,
2001,GMC,K1500 SIERRA 4X4,PICKUP TRUCK,5.3,8,A4,X,16.2,12.4,17,23,2898,6665,,,,,,
2001,GMC,K1500 SIERRA 4X4,PICKUP TRUCK,6.0,8,A4,X,21.1,15.4,13,18,3707,8526,,,,,,
2001,GMC,K1500 YUKON 4X4,SPECIAL PURPOSE,4.8,8,A4,X,17.1,12.5,17,23,3006,6914,,,,,,
2001,GMC,K1500 YUKON 4X4,SPECIAL PURPOSE,5.3,8,A4,X,17.3,13.2,16,21,3091,7109,,,,,,
2001,GMC,K1500 YUKON 4X4,SPECIAL PURPOSE,6.0,8,A4,X,20.4,14.0,14,20,3504,8059,,,,,,
2001,GMC,K1500 YUKON XL 4X4,SPECIAL PURPOSE,5.3,8,A4,X,17.3,13.2,16,21,3091,7109,,,,,,
2001,GMC,K1500 YUKON XL 4X4,SPECIAL PURPOSE,6.0,8,A4,X,20.4,14.0,14,20,3504,8059,,,,,,
2001,GMC,SAFARI CARGO,MINIVAN,4.3,6,A4,X,13.8,9.7,20,29,2391,5499,,,,,,
2001,GMC,SAFARI CARGO AWD,MINIVAN,4.3,6,A4,X,15.5,10.9,18,26,2686,6178,,,,,,
2001,GMC,SAFARI PASSENGER,MINIVAN,4.3,6,A4,X,14.3,10.0,20,28,2473,5688,,,,,,
2001,GMC,SAFARI PASSENGER AWD,MINIVAN,4.3,6,A4,X,16.1,11.8,18,24,2833,6516,,,,,,
2001,GMC,SONOMA,PICKUP TRUCK,4.3,6,A4,X,13.8,9.7,20,29,2391,5499,,,,,,
2001,GMC,SONOMA,PICKUP TRUCK,4.3,6,M5,X,15.3,10.1,18,28,2592,5962,,,,,,
2001,GMC,SONOMA 4X4,PICKUP TRUCK,4.3,6,A4,X,16.4,12.4,17,23,2920,6716,,,,,,
2001,GMC,SONOMA 4X4,PICKUP TRUCK,4.3,6,M5,X,16.8,12.2,17,23,2946,6776,,,,,,
2001,GMC,SONOMA FFV,PICKUP TRUCK,2.2,4,A4,X,12.6,8.5,22,33,2151,4947,,,,,,
2001,GMC,SONOMA FFV,PICKUP TRUCK,2.2,4,A4,E,17.7,12.2,16,23,3045,4872,,,,,,
2001,GMC,SONOMA FFV,PICKUP TRUCK,2.2,4,M5,X,11.5,7.8,25,36,1967,4524,,,,,,
2001,GMC,SONOMA FFV,PICKUP TRUCK,2.2,4,M5,E,15.6,11.0,18,26,2706,4330,,,,,,
2001,HONDA,ACCORD,MID-SIZE,2.3,4,A4,X,10.4,7.2,27,39,1792,4122,,,,,,
2001,HONDA,ACCORD,MID-SIZE,2.3,4,M5,X,9.6,6.8,29,42,1668,3836,,,,,,
2001,HONDA,ACCORD,MID-SIZE,3.0,6,A4,X,11.7,7.6,24,37,1971,4533,,,,,,
2001,HONDA,CIVIC,COMPACT,1.7,4,A4,X,8.0,5.8,35,49,1402,3225,,,,,,
2001,HONDA,CIVIC,COMPACT,1.7,4,M5,X,7.4,5.7,38,50,1327,3052,,,,,,
2001,HONDA,CIVIC Si/Si-G,COMPACT,1.7,4,A4,X,8.0,6.0,35,47,1420,3266,,,,,,
2001,HONDA,CIVIC Si/Si-G,COMPACT,1.7,4,M5,X,7.7,6.2,37,46,1405,3232,,,,,,
2001,HONDA,CR-V,SPECIAL PURPOSE,2.0,4,A4,X,11.0,8.9,26,32,2011,4625,,,,,,
2001,HONDA,CR-V,SPECIAL PURPOSE,2.0,4,M5,X,11.0,8.9,26,32,2011,4625,,,,,,
2001,HONDA,INSIGHT,TWO-SEATER,1.0,3,M5,X,3.9,3.2,72,88,717,1649,,,,,,
2001,HONDA,ODYSSEY,MINIVAN,3.5,6,A4,X,13.3,8.6,21,33,2237,5145,,,,,,
2001,HONDA,PRELUDE,SUBCOMPACT,2.2,4,AS4,Z,11.2,8.2,25,34,1970,4531,,,,,,
2001,HONDA,PRELUDE,SUBCOMPACT,2.2,4,M5,Z,10.6,8.1,27,35,1895,4359,,,,,,
2001,HONDA,S2000,TWO-SEATER,2.0,4,M6,Z,11.7,8.4,24,34,2043,4699,,,,,,
2001,HYUNDAI,ACCENT,COMPACT,1.5,4,A4,X,9.4,6.2,30,46,1592,3662,,,,,,
2001,HYUNDAI,ACCENT,COMPACT,1.5,4,M5,X,8.3,6.0,34,47,1453,3342,,,,,,
2001,HYUNDAI,ACCENT,COMPACT,1.6,4,A4,X,9.4,6.1,30,46,1583,3641,,,,,,
2001,HYUNDAI,ACCENT,COMPACT,1.6,4,M5,X,8.7,5.8,32,49,1479,3402,,,,,,
2001,HYUNDAI,ELANTRA,COMPACT,2.0,4,A4,X,9.6,6.5,29,43,1641,3774,,,,,,
2001,HYUNDAI,ELANTRA,COMPACT,2.0,4,M5,X,9.6,6.5,29,43,1641,3774,,,,,,
2001,HYUNDAI,SANTA FE,SPECIAL PURPOSE,2.7,6,A4,X,12.6,9.3,22,30,2223,5113,,,,,,
2001,HYUNDAI,SONATA 2.4L,MID-SIZE,2.4,4,A4,X,11.4,7.7,25,37,1947,4478,,,,,,
2001,HYUNDAI,SONATA 2.5L,MID-SIZE,2.5,6,A4,X,11.9,7.9,24,36,2020,4646,,,,,,
2001,HYUNDAI,TIBURON,SUBCOMPACT,2.0,4,A4,X,11.0,7.2,26,39,1858,4273,,,,,,
2001,HYUNDAI,TIBURON,SUBCOMPACT,2.0,4,M5,X,10.1,6.9,28,41,1732,3984,,,,,,
2001,HYUNDAI,XG300,MID-SIZE,3.0,6,A5,X,12.6,8.0,22,35,2106,4844,,,,,,
2001,INFINITI,G20,COMPACT,2.0,4,A4,X,10.2,7.1,28,40,1761,4050,,,,,,
2001,INFINITI,G20,COMPACT,2.0,4,M5,X,10.0,6.9,28,41,1721,3958,,,,,,
2001,INFINITI,I30,MID-SIZE,3.0,6,A4,X,12.1,8.1,23,35,2060,4738,,,,,,
2001,INFINITI,Q45,MID-SIZE,4.1,8,A4,Z,13.4,9.3,21,30,2311,5315,,,,,,
2001,INFINITI,QX4 4X4,SPECIAL PURPOSE,3.5,6,A4,X,15.6,11.9,18,24,2787,6410,,,,,,
2001,ISUZU,RODEO 4X4,SPECIAL PURPOSE,3.2,6,A4,X,14.5,10.6,19,27,2549,5863,,,,,,
2001,ISUZU,RODEO 4X4,SPECIAL PURPOSE,3.2,6,M5,X,14.6,10.7,19,26,2569,5909,,,,,,
2001,ISUZU,TROOPER 4X4,SPECIAL PURPOSE,3.5,6,A4,X,15.6,11.4,18,25,2742,6307,,,,,,
2001,ISUZU,TROOPER 4X4,SPECIAL PURPOSE,3.5,6,M5,X,15.9,11.7,18,24,2802,6445,,,,,,
2001,JAGUAR,S-TYPE,MID-SIZE,3.0,6,A5,Z,13.3,8.4,21,34,2219,5104,,,,,,
2001,JAGUAR,S-TYPE,MID-SIZE,4.0,8,A5,Z,13.6,8.9,21,32,2297,5283,,,,,,
2001,JAGUAR,VANDEN PLAS,MID-SIZE,4.0,8,A5,Z,13.7,9.1,21,31,2326,5350,,,,,,
2001,JAGUAR,XJ8,COMPACT,4.0,8,A5,Z,13.7,9.1,21,31,2326,5350,,,,,,
2001,JAGUAR,XJ8L,MID-SIZE,4.0,8,A5,Z,13.7,9.1,21,31,2326,5350,,,,,,
2001,JAGUAR,XJR #,COMPACT,4.0,8,A5,Z,14.6,9.9,19,29,2497,5743,,,,,,
2001,JAGUAR,XK8,SUBCOMPACT,4.0,8,A5,Z,13.7,9.1,21,31,2326,5350,,,,,,
2001,JAGUAR,XK8 CONVERTIBLE,SUBCOMPACT,4.0,8,A5,Z,13.7,9.1,21,31,2326,5350,,,,,,
2001,JAGUAR,XKR #,SUBCOMPACT,4.0,8,A5,Z,14.6,9.9,19,29,2497,5743,,,,,,
2001,JAGUAR,XKR CONVERTIBLE #,SUBCOMPACT,4.0,8,A5,Z,14.6,9.9,19,29,2497,5743,,,,,,
2001,JEEP,CHEROKEE 4X4,SPECIAL PURPOSE,4.0,6,A4,X,15.6,10.9,18,26,2697,6203,,,,,,
2001,JEEP,CHEROKEE 4X4,SPECIAL PURPOSE,4.0,6,M5,X,13.6,9.8,21,29,2378,5469,,,,,,
2001,JEEP,GRAND CHEROKEE 4X4,SPECIAL PURPOSE,4.0,6,A4,X,14.9,10.6,19,27,2593,5964,,,,,,
2001,JEEP,GRAND CHEROKEE 4X4,SPECIAL PURPOSE,4.7,8,A5,X,16.6,11.3,17,25,2843,6539,,,,,,
2001,JEEP,LIBERTY 4X4,SUBCOMPACT,3.7,6,A4,Z,14.8,11.0,19,26,2618,6021,,,,,,
2001,JEEP,TJ 4X4,SPECIAL PURPOSE,2.5,4,A3,X,14.7,11.9,19,24,2688,6182,,,,,,
2001,JEEP,TJ 4X4,SPECIAL PURPOSE,2.5,4,M5,X,12.6,10.8,22,26,2358,5423,,,,,,
2001,JEEP,TJ 4X4,SPECIAL PURPOSE,4.0,6,A3,X,15.7,12.4,18,23,2843,6539,,,,,,
2001,JEEP,TJ 4X4,SPECIAL PURPOSE,4.0,6,M5,X,15.0,11.5,19,25,2685,6176,,,,,,
2001,KIA,MAGENTIS,COMPACT,2.4,4,A4,X,11.8,8.1,24,35,2027,4662,,,,,,
2001,KIA,MAGENTIS,COMPACT,2.4,4,M5,X,11.0,7.7,26,37,1903,4377,,,,,,
2001,KIA,MAGENTIS,COMPACT,2.5,6,A4,X,12.3,8.6,23,33,2127,4892,,,,,,
2001,KIA,MAGENTIS,COMPACT,2.5,6,M5,X,11.3,8.2,25,34,1981,4556,,,,,,
2001,KIA,RIO,SUBCOMPACT,1.5,4,A4,X,9.3,6.9,30,41,1644,3781,,,,,,
2001,KIA,RIO,SUBCOMPACT,1.5,4,M5,X,8.6,6.8,33,42,1558,3583,,,,,,
2001,KIA,SEPHIA,COMPACT,1.8,4,A4,X,10.7,7.0,26,40,1807,4156,,,,,,
2001,KIA,SEPHIA,COMPACT,1.8,4,M5,X,10.3,7.5,27,38,1808,4158,,,,,,
2001,KIA,SPORTAGE,SPECIAL PURPOSE,2.0,4,A4,X,13.0,10.0,22,28,2330,5359,,,,,,
2001,KIA,SPORTAGE,SPECIAL PURPOSE,2.0,4,M5,X,11.8,9.7,24,29,2171,4993,,,,,,
2001,LEXUS,ES 300,COMPACT,3.0,6,A4,X,12.3,8.2,23,34,2091,4809,,,,,,
2001,LEXUS,GS 300,MID-SIZE,3.0,6,AS5,Z,13.3,9.0,21,31,2273,5228,,,,,,
2001,LEXUS,GS 430,MID-SIZE,4.3,8,A5,Z,12.9,9.4,22,30,2265,5210,,,,,,
2001,LEXUS,IS 300,SUBCOMPACT,3.0,6,AS5,Z,13.3,9.4,21,30,2309,5311,,,,,,
2001,LEXUS,LS 430,FULL-SIZE,4.3,8,A5,Z,12.8,8.8,22,32,2200,5060,,,,,,
2001,LEXUS,LX 470,SPECIAL PURPOSE,4.7,8,A4,X,18.3,13.7,15,21,3246,7466,,,,,,
2001,LEXUS,RX 300,SPECIAL PURPOSE,3.0,6,A4,X,12.7,9.3,22,30,2234,5138,,,,,,
2001,LEXUS,RX 300 4X4,SPECIAL PURPOSE,3.0,6,A4,X,13.0,9.7,22,29,2303,5297,,,,,,
2001,LINCOLN,CONTINENTAL,FULL-SIZE,4.6,8,A4,Z,13.6,8.6,21,33,2270,5221,,,,,,
2001,LINCOLN,LS,MID-SIZE,3.0,6,A5,Z,14.0,8.8,20,32,2332,5364,,,,,,
2001,LINCOLN,LS,MID-SIZE,3.0,6,M5,Z,13.0,8.5,22,33,2195,5049,,,,,,
2001,LINCOLN,LS,MID-SIZE,3.9,8,A5,Z,14.1,9.1,20,31,2370,5451,,,,,,
2001,LINCOLN,LS,MID-SIZE,3.9,8,A5,Z,14.2,9.1,20,31,2381,5476,,,,,,
2001,LINCOLN,NAVIGATOR 4X4,SPECIAL PURPOSE,5.4,8,A4,Z,20.4,13.7,14,21,3477,7997,,,,,,
2001,LINCOLN,TOWN CAR,FULL-SIZE,4.6,8,A4,X,13.3,8.6,21,33,2237,5145,,,,,,
2001,MAZDA,626,MID-SIZE,2.0,4,A4,X,11.3,7.9,25,36,1954,4494,,,,,,
2001,MAZDA,626,MID-SIZE,2.0,4,M5,X,9.4,6.8,30,42,1646,3786,,,,,,
2001,MAZDA,626,MID-SIZE,2.5,6,A4,Z,12.2,8.5,23,33,2107,4846,,,,,,
2001,MAZDA,626,MID-SIZE,2.5,6,M5,Z,11.8,8.5,24,33,2063,4745,,,,,,
2001,MAZDA,B3000,PICKUP TRUCK,3.0,6,A5,X,14.3,10.2,20,28,2491,5729,,,,,,
2001,MAZDA,B3000,PICKUP TRUCK,3.0,6,M5,X,13.6,9.6,21,29,2360,5428,,,,,,
2001,MAZDA,B4000,PICKUP TRUCK,4.0,6,A5,X,14.7,10.5,19,27,2562,5893,,,,,,
2001,MAZDA,B4000,PICKUP TRUCK,4.0,6,M5,X,13.8,10.2,20,28,2436,5603,,,,,,
2001,MAZDA,B4000 4X4,PICKUP TRUCK,4.0,6,A5,X,15.6,11.5,18,25,2751,6327,,,,,,
2001,MAZDA,B4000 4X4,PICKUP TRUCK,4.0,6,M5,X,15.2,11.2,19,25,2680,6164,,,,,,
2001,MAZDA,MILLENIA,COMPACT,2.5,6,A4,Z,12.3,8.3,23,34,2100,4830,,,,,,
2001,MAZDA,MILLENIA #,COMPACT,2.3,6,A4,Z,12.2,8.0,23,35,2062,4743,,,,,,
2001,MAZDA,MPV,MINIVAN,2.5,6,A4,X,13.6,9.9,21,29,2387,5490,,,,,,
2001,MAZDA,MX-5 MIATA,TWO-SEATER,1.8,4,A4,Z,10.6,7.8,27,36,1868,4296,,,,,,
2001,MAZDA,MX-5 MIATA,TWO-SEATER,1.8,4,M5,Z,10.2,7.7,28,37,1815,4175,,,,,,
2001,MAZDA,MX-5 MIATA,TWO-SEATER,1.8,4,M6,Z,10.4,7.8,27,36,1846,4246,,,,,,
2001,MAZDA,PROTEGE,COMPACT,1.6,4,A4,X,9.3,6.9,30,41,1644,3781,,,,,,
2001,MAZDA,PROTEGE,COMPACT,1.6,4,M5,X,8.5,6.7,33,42,1538,3537,,,,,,
2001,MAZDA,PROTEGE,COMPACT,2.0,4,A4,X,9.9,7.4,29,38,1755,4037,,,,,,
2001,MAZDA,PROTEGE,COMPACT,2.0,4,M5,X,9.6,7.3,29,39,1713,3940,,,,,,
2001,MAZDA,TRIBUTE,SPECIAL PURPOSE,2.0,4,M5,X,10.0,7.7,28,37,1793,4124,,,,,,
2001,MAZDA,TRIBUTE,SPECIAL PURPOSE,3.0,6,A4,X,13.1,8.9,22,32,2242,5157,,,,,,
2001,MAZDA,TRIBUTE 4X4,SPECIAL PURPOSE,2.0,4,M5,X,10.6,8.3,27,34,1913,4400,,,,,,
2001,MAZDA,TRIBUTE 4X4,SPECIAL PURPOSE,3.0,6,A4,X,13.4,9.2,21,31,2302,5295,,,,,,
2001,MERCEDES-BENZ,C 240,COMPACT,2.6,6,A5,Z,11.9,8.2,24,34,2047,4708,,,,,,
2001,MERCEDES-BENZ,C 240,COMPACT,2.6,6,M6,Z,12.9,8.1,22,35,2148,4940,,,,,,
2001,MERCEDES-BENZ,C 320,COMPACT,3.2,6,A5,Z,12.3,8.5,23,33,2118,4871,,,,,,
2001,MERCEDES-BENZ,CL 500,COMPACT,5.0,8,A5,Z,14.5,9.4,19,30,2441,5614,,,,,,
2001,MERCEDES-BENZ,CL 600,COMPACT,5.8,12,A5,Z,15.2,9.3,19,30,2509,5771,,,,,,
2001,MERCEDES-BENZ,CLK 320,SUBCOMPACT,3.2,6,A5,Z,11.4,7.5,25,38,1929,4437,,,,,,
2001,MERCEDES-BENZ,CLK 320 CABRIOLET,SUBCOMPACT,3.2,6,A5,Z,11.8,7.5,24,38,1973,4538,,,,,,
2001,MERCEDES-BENZ,CLK 430,SUBCOMPACT,4.3,8,A5,Z,12.9,8.7,22,32,2202,5065,,,,,,
2001,MERCEDES-BENZ,CLK 430 CABRIOLET,SUBCOMPACT,4.3,8,A5,Z,13.2,8.9,21,32,2253,5182,,,,,,
2001,MERCEDES-BENZ,CLK 55 AMG,SUBCOMPACT,5.5,8,A5,Z,13.5,9.0,21,31,2295,5279,,,,,,
2001,MERCEDES-BENZ,E 320,MID-SIZE,3.2,6,A5,Z,11.6,7.6,24,37,1960,4508,,,,,,
2001,MERCEDES-BENZ,E 320 4MATIC 4X4,MID-SIZE,3.2,6,A5,Z,11.9,8.1,24,35,2038,4687,,,,,,
2001,MERCEDES-BENZ,E 320 4MATIC WAGON 4X4,STATION WAGON,3.2,6,A5,Z,12.0,8.1,24,35,2049,4713,,,,,,
2001,MERCEDES-BENZ,E 320 WAGON,STATION WAGON,2.3,6,A5,Z,12.0,7.8,24,36,2022,4651,,,,,,
2001,MERCEDES-BENZ,E 430,MID-SIZE,4.3,8,A5,Z,13.1,8.7,22,32,2224,5115,,,,,,
2001,MERCEDES-BENZ,E 430 4MATIC 4X4,MID-SIZE,4.3,8,A5,Z,13.5,9.3,21,30,2322,5341,,,,,,
2001,MERCEDES-BENZ,E 55 AMG,MID-SIZE,5.5,8,A5,Z,13.6,9.1,21,31,2315,5325,,,,,,
2001,MERCEDES-BENZ,ML 320 4X4,SPECIAL PURPOSE,3.2,6,A5,Z,13.9,10.4,20,27,2465,5670,,,,,,
2001,MERCEDES-BENZ,ML 430 4X4,SPECIAL PURPOSE,4.3,8,A5,Z,14.8,10.8,19,26,2600,5980,,,,,,
2001,MERCEDES-BENZ,ML 55 AMG 4X4,SPECIAL PURPOSE,5.5,8,A5,Z,17.2,12.5,16,23,3017,6939,,,,,,
2001,MERCEDES-BENZ,S 430,FULL-SIZE,4.3,8,A5,Z,13.3,8.5,21,33,2228,5124,,,,,,
2001,MERCEDES-BENZ,S 500,FULL-SIZE,5.0,8,A5,Z,14.5,9.4,19,30,2441,5614,,,,,,
2001,MERCEDES-BENZ,S 600,FULL-SIZE,5.8,12,A5,Z,15.2,9.3,19,30,2509,5771,,,,,,
2001,MERCEDES-BENZ,SL 500,TWO-SEATER,5.0,8,A5,Z,14.6,9.5,19,30,2461,5660,,,,,,
2001,MERCEDES-BENZ,SL 600,TWO-SEATER,5.8,12,A5,Z,18.9,11.4,15,25,3105,7142,,,,,,
2001,MERCEDES-BENZ,SLK 230 KOMPRESSOR,TWO-SEATER,2.3,6,A5,Z,10.4,7.3,27,39,1801,4142,,,,,,
2001,MERCEDES-BENZ,SLK 230 KOMPRESSOR,TWO-SEATER,2.3,6,M6,Z,11.7,7.3,24,39,1944,4471,,,,,,
2001,MERCEDES-BENZ,SLK 320,TWO-SEATER,3.2,6,A5,Z,11.4,7.9,25,36,1965,4520,,,,,,
2001,MERCEDES-BENZ,SLK 320,TWO-SEATER,3.2,6,M6,Z,13.0,8.0,22,35,2150,4945,,,,,,
2001,NISSAN,ALTIMA,COMPACT,2.4,4,A4,X,10.9,7.6,26,37,1883,4331,,,,,,
2001,NISSAN,ALTIMA,COMPACT,2.4,4,M5,X,10.2,7.1,28,40,1761,4050,,,,,,
2001,NISSAN,FRONTIER,PICKUP TRUCK,2.4,4,A4,X,12.0,9.2,24,31,2148,4940,,,,,,
2001,NISSAN,FRONTIER,PICKUP TRUCK,2.4,4,M5,X,10.6,8.5,27,33,1931,4441,,,,,,
2001,NISSAN,FRONTIER V6,PICKUP TRUCK,3.3,6,A4,X,14.9,11.2,19,25,2647,6088,,,,,,
2001,NISSAN,FRONTIER V6,PICKUP TRUCK,3.3,6,M5,X,14.3,11.5,20,25,2608,5998,,,,,,
2001,NISSAN,FRONTIER V6 #,PICKUP TRUCK,3.3,6,A4,Z,15.3,11.8,18,24,2745,6314,,,,,,
2001,NISSAN,FRONTIER V6 #,PICKUP TRUCK,3.3,6,M5,Z,15.6,12.1,18,23,2805,6452,,,,,,
2001,NISSAN,FRONTIER V6 4X4,PICKUP TRUCK,3.3,6,A4,X,15.3,11.7,18,24,2736,6293,,,,,,
2001,NISSAN,FRONTIER V6 4X4,PICKUP TRUCK,3.3,6,M5,X,14.5,11.8,19,24,2657,6111,,,,,,
2001,NISSAN,FRONTIER V6 4X4 #,PICKUP TRUCK,3.3,6,A4,Z,15.7,12.0,18,24,2807,6456,,,,,,
2001,NISSAN,FRONTIER V6 4X4 #,PICKUP TRUCK,3.3,6,M5,Z,15.8,12.5,18,23,2863,6585,,,,,,
2001,NISSAN,MAXIMA,MID-SIZE,3.0,6,A4,X,12.1,8.1,23,35,2060,4738,,,,,,
2001,NISSAN,MAXIMA,MID-SIZE,3.0,6,M5,X,10.8,7.9,26,36,1899,4368,,,,,,
2001,NISSAN,PATHFINDER 4X4,SPECIAL PURPOSE,3.5,6,A4,X,15.6,11.9,18,24,2787,6410,,,,,,
2001,NISSAN,PATHFINDER 4X4,SPECIAL PURPOSE,3.5,6,M5,X,14.7,11.8,19,24,2679,6162,,,,,,
2001,NISSAN,QUEST,MINIVAN,3.3,6,A4,X,13.9,9.3,20,30,2366,5442,,,,,,
2001,NISSAN,SENTRA,COMPACT,1.8,4,A4,X,9.0,6.5,31,43,1575,3623,,,,,,
2001,NISSAN,SENTRA,COMPACT,1.8,4,M5,X,8.8,6.2,32,46,1526,3510,,,,,,
2001,NISSAN,SENTRA,COMPACT,2.0,4,A4,X,9.8,7.2,29,39,1726,3970,,,,,,
2001,NISSAN,SENTRA,COMPACT,2.0,4,M5,X,9.9,7.0,29,40,1719,3954,,,,,,
2001,NISSAN,XTERRA V6 4X4,SPECIAL PURPOSE,3.3,6,A4,X,15.3,11.7,18,24,2736,6293,,,,,,
2001,NISSAN,XTERRA V6 4X4,SPECIAL PURPOSE,3.3,6,M5,X,14.5,11.8,19,24,2657,6111,,,,,,
2001,OLDSMOBILE,ALERO,COMPACT,2.4,4,A4,X,11.2,7.4,25,38,1898,4365,,,,,,
2001,OLDSMOBILE,ALERO,COMPACT,2.4,4,M5,X,11.6,7.3,24,39,1933,4446,,,,,,
2001,OLDSMOBILE,ALERO,COMPACT,3.4,6,A4,X,11.0,6.7,26,42,1813,4170,,,,,,
2001,OLDSMOBILE,AURORA,MID-SIZE,3.5,6,A4,X,13.3,8.1,21,35,2192,5042,,,,,,
2001,OLDSMOBILE,AURORA,MID-SIZE,4.0,8,A4,Z,13.7,8.7,21,32,2290,5267,,,,,,
2001,OLDSMOBILE,INTRIGUE,MID-SIZE,3.5,6,A4,X,12.3,7.8,23,36,2055,4727,,,,,,
2001,OLDSMOBILE,SILHOUETTE,MINIVAN,3.4,6,A4,X,12.3,8.3,23,34,2100,4830,,,,,,
2001,PLYMOUTH,PROWLER,TWO-SEATER,3.5,6,AS4,Z,13.8,9.5,20,30,2373,5458,,,,,,
2001,PONTIAC,AZTEK,SPECIAL PURPOSE,3.4,6,A4,X,12.3,8.3,23,34,2100,4830,,,,,,
2001,PONTIAC,AZTEK AWD,SPECIAL PURPOSE,3.4,6,A4,X,12.7,8.7,22,32,2180,5014,,,,,,
2001,PONTIAC,BONNEVILLE,FULL-SIZE,3.8,6,A4,X,12.3,7.3,23,39,2010,4623,,,,,,
2001,PONTIAC,BONNEVILLE #,FULL-SIZE,3.8,6,A4,Z,12.9,7.7,22,37,2112,4858,,,,,,
2001,PONTIAC,FIREBIRD,SUBCOMPACT,3.8,6,A4,X,12.2,7.0,23,40,1972,4536,,,,,,
2001,PONTIAC,FIREBIRD,SUBCOMPACT,3.8,6,M5,X,12.3,6.9,23,41,1974,4540,,,,,,
2001,PONTIAC,FIREBIRD,SUBCOMPACT,5.7,8,A4,Z,13.1,9.0,22,31,2251,5177,,,,,,
2001,PONTIAC,FIREBIRD,SUBCOMPACT,5.7,8,M6,Z,12.8,8.3,22,34,2155,4957,,,,,,
2001,PONTIAC,GRAND AM,COMPACT,2.4,4,A4,X,11.2,7.4,25,38,1898,4365,,,,,,
2001,PONTIAC,GRAND AM,COMPACT,2.4,4,M5,X,11.4,7.2,25,39,1902,4375,,,,,,
2001,PONTIAC,GRAND AM,COMPACT,3.4,6,A4,X,11.0,6.7,26,42,1813,4170,,,,,,
2001,PONTIAC,GRAND PRIX,MID-SIZE,3.1,6,A4,X,11.5,7.6,25,37,1949,4483,,,,,,
2001,PONTIAC,GRAND PRIX,MID-SIZE,3.8,6,A4,X,12.7,7.4,22,38,2063,4745,,,,,,
2001,PONTIAC,GRAND PRIX #,MID-SIZE,3.8,6,A4,Z,12.7,7.7,22,37,2090,4807,,,,,,
2001,PONTIAC,MONTANA,MINIVAN,3.4,6,A4,X,12.3,8.3,23,34,2100,4830,,,,,,
2001,PONTIAC,SUNFIRE,COMPACT,2.2,4,A4,X,10.3,7.1,27,40,1772,4076,,,,,,
2001,PONTIAC,SUNFIRE,COMPACT,2.2,4,M5,X,10.8,6.8,26,42,1800,4140,,,,,,
2001,PONTIAC,SUNFIRE,COMPACT,2.4,4,A4,X,11.4,7.6,25,37,1938,4457,,,,,,
2001,PONTIAC,SUNFIRE,COMPACT,2.4,4,M5,X,11.2,6.9,25,41,1853,4262,,,,,,
2001,PORSCHE,911 CARRERA,SUBCOMPACT,3.4,6,AS5,Z,14.3,8.6,20,33,2347,5398,,,,,,
2001,PORSCHE,911 CARRERA,SUBCOMPACT,3.4,6,M6,Z,13.8,8.6,20,33,2292,5272,,,,,,
2001,PORSCHE,911 CARRERA 4,SUBCOMPACT,3.4,6,AS5,Z,14.3,9.0,20,31,2383,5481,,,,,,
2001,PORSCHE,911 CARRERA 4,SUBCOMPACT,3.4,6,M6,Z,14.1,9.2,20,31,2379,5472,,,,,,
2001,PORSCHE,911 TURBO,SUBCOMPACT,3.6,6,AS5,Z,15.9,9.7,18,29,2622,6031,,,,,,
2001,PORSCHE,911 TURBO,SUBCOMPACT,3.6,6,M6,Z,15.5,9.9,18,29,2596,5971,,,,,,
2001,PORSCHE,BOXSTER,TWO-SEATER,2.7,6,AS5,Z,13.4,8.8,21,32,2266,5212,,,,,,
2001,PORSCHE,BOXSTER,TWO-SEATER,2.7,6,M5,Z,12.2,7.9,23,36,2053,4722,,,,,,
2001,PORSCHE,BOXSTER S,TWO-SEATER,3.2,6,AS5,Z,14.2,9.0,20,31,2372,5456,,,,,,
2001,PORSCHE,BOXSTER S,TWO-SEATER,3.2,6,M6,Z,13.4,8.5,21,33,2239,5150,,,,,,
2001,SAAB,9-3 TURBO,MID-SIZE,2.0,4,A4,X,11.2,7.8,25,36,1934,4448,,,,,,
2001,SAAB,9-3 TURBO,MID-SIZE,2.0,4,M5,X,11.5,7.8,25,36,1967,4524,,,,,,
2001,SAAB,9-3 TURBO #,MID-SIZE,2.0,4,A4,Z,11.2,7.6,25,37,1916,4407,,,,,,
2001,SAAB,9-3 TURBO #,MID-SIZE,2.0,4,M5,Z,10.8,7.1,26,40,1827,4202,,,,,,
2001,SAAB,9-3 TURBO #,MID-SIZE,2.3,4,M5,Z,11.5,7.0,25,40,1895,4359,,,,,,
2001,SAAB,9-5 TURBO,MID-SIZE,2.3,4,A4,X,11.8,7.6,24,37,1982,4559,,,,,,
2001,SAAB,9-5 TURBO,MID-SIZE,2.3,4,M5,X,11.6,7.2,24,39,1924,4425,,,,,,
2001,SAAB,9-5 TURBO,MID-SIZE,3.0,6,A4,Z,12.8,8.3,22,34,2155,4957,,,,,,
2001,SAAB,9-5 TURBO #,MID-SIZE,2.3,4,A4,Z,12.5,8.5,23,33,2140,4922,,,,,,
2001,SAAB,9-5 TURBO #,MID-SIZE,2.3,4,M5,Z,11.7,8.0,24,35,2007,4616,,,,,,
2001,SAAB,9-5 WAGON TURBO,STATION WAGON,2.3,4,A4,X,11.8,7.6,24,37,1982,4559,,,,,,
2001,SAAB,9-5 WAGON TURBO,STATION WAGON,2.3,4,M5,X,11.6,7.2,24,39,1924,4425,,,,,,
2001,SAAB,9-5 WAGON TURBO,STATION WAGON,3.0,6,A4,Z,12.8,8.3,22,34,2155,4957,,,,,,
2001,SAAB,9-5 WAGON TURBO #,STATION WAGON,2.3,4,A4,Z,12.5,8.5,23,33,2140,4922,,,,,,
2001,SAAB,9-5 WAGON TURBO #,STATION WAGON,2.3,4,M5,Z,11.7,8.0,24,35,2007,4616,,,,,,
2001,SATURN,L100/200,MID-SIZE,2.2,4,A4,X,10.3,7.1,27,40,1772,4076,,,,,,
2001,SATURN,L100/200,MID-SIZE,2.2,4,M5,X,10.8,6.9,26,41,1809,4161,,,,,,
2001,SATURN,L300,MID-SIZE,3.0,6,A4,X,11.8,8.2,24,34,2036,4683,,,,,,
2001,SATURN,LW200 WAGON,STATION WAGON,2.2,4,A4,X,9.9,6.7,29,42,1692,3892,,,,,,
2001,SATURN,LW300 WAGON,STATION WAGON,3.0,6,A4,X,11.8,8.2,24,34,2036,4683,,,,,,
2001,SATURN,SC COUPE,SUBCOMPACT,1.9,4,A4,X,9.0,6.0,31,47,1530,3519,,,,,,
2001,SATURN,SC COUPE,SUBCOMPACT,1.9,4,M5,X,8.3,5.4,34,52,1399,3218,,,,,,
2001,SATURN,SC COUPE #,SUBCOMPACT,1.9,4,A4,X,9.3,6.1,30,46,1572,3616,,,,,,
2001,SATURN,SC COUPE #,SUBCOMPACT,1.9,4,M5,X,9.0,5.7,31,50,1503,3457,,,,,,
2001,SATURN,SL,COMPACT,1.9,4,A4,X,8.7,5.8,32,49,1479,3402,,,,,,
2001,SATURN,SL,COMPACT,1.9,4,M5,X,8.0,5.3,35,53,1357,3121,,,,,,
2001,SATURN,SL #,COMPACT,1.9,4,A4,X,9.3,6.1,30,46,1572,3616,,,,,,
2001,SATURN,SL #,COMPACT,1.9,4,M5,X,9.0,5.7,31,50,1503,3457,,,,,,
2001,SATURN,SW WAGON #,STATION WAGON,1.9,4,A4,X,9.3,6.1,30,46,1572,3616,,,,,,
2001,SATURN,SW WAGON #,STATION WAGON,1.9,4,M5,X,9.0,5.7,31,50,1503,3457,,,,,,
2001,SUBARU,FORESTER AWD,SPECIAL PURPOSE,2.5,4,A4,X,10.8,8.1,26,35,1917,4409,,,,,,
2001,SUBARU,FORESTER AWD,SPECIAL PURPOSE,2.5,4,M5,X,11.0,7.8,26,36,1912,4398,,,,,,
2001,SUBARU,IMPREZA AWD,SUBCOMPACT,2.2,4,A4,X,10.3,7.4,27,38,1799,4138,,,,,,
2001,SUBARU,IMPREZA AWD,SUBCOMPACT,2.2,4,M5,X,10.4,7.4,27,38,1810,4163,,,,,,
2001,SUBARU,IMPREZA AWD,SUBCOMPACT,2.5,4,A4,X,10.4,7.6,27,37,1828,4204,,,,,,
2001,SUBARU,IMPREZA AWD,SUBCOMPACT,2.5,4,M5,X,11.3,7.8,25,36,1945,4474,,,,,,
2001,SUBARU,IMPREZA WAGON AWD,STATION WAGON,2.2,4,A4,X,10.3,7.4,27,38,1799,4138,,,,,,
2001,SUBARU,IMPREZA WAGON AWD,STATION WAGON,2.2,4,M5,X,10.4,7.4,27,38,1810,4163,,,,,,
2001,SUBARU,LEGACY AWD,COMPACT,2.5,4,A4,X,10.8,8.1,26,35,1917,4409,,,,,,
2001,SUBARU,LEGACY AWD,COMPACT,2.5,4,M5,X,11.0,7.8,26,36,1912,4398,,,,,,
2001,SUBARU,LEGACY WAGON AWD,STATION WAGON,2.5,4,A4,X,10.9,8.1,26,35,1928,4434,,,,,,
2001,SUBARU,LEGACY WAGON AWD,STATION WAGON,2.5,4,M5,X,11.0,7.8,26,36,1912,4398,,,,,,
2001,SUBARU,LEGACY WAGON AWD,STATION WAGON,3.0,6,A4,Z,11.6,8.1,24,35,2005,4612,,,,,,
2001,SUZUKI,ESTEEM,SUBCOMPACT,1.6,4,A4,X,8.6,6.4,33,44,1522,3501,,,,,,
2001,SUZUKI,ESTEEM,SUBCOMPACT,1.6,4,M5,X,7.6,5.7,37,50,1349,3103,,,,,,
2001,SUZUKI,ESTEEM WAGON,STATION WAGON,1.8,4,A4,X,9.0,6.3,31,45,1557,3581,,,,,,
2001,SUZUKI,ESTEEM WAGON,STATION WAGON,1.8,4,M5,X,8.3,6.0,34,47,1453,3342,,,,,,
2001,SUZUKI,GRAND VITARA 4X4,SPECIAL PURPOSE,2.5,6,A4,X,12.9,10.6,22,27,2373,5458,,,,,,
2001,SUZUKI,GRAND VITARA 4X4,SPECIAL PURPOSE,2.5,6,M5,X,12.3,9.7,23,29,2226,5120,,,,,,
2001,SUZUKI,SWIFT,SUBCOMPACT,1.3,4,A3,X,7.8,6.2,36,46,1416,3257,,,,,,
2001,SUZUKI,SWIFT,SUBCOMPACT,1.3,4,M5,X,6.4,4.9,44,58,1145,2634,,,,,,
2001,SUZUKI,VITARA 4-DOOR 4X4,SPECIAL PURPOSE,2.0,4,A4,X,10.3,8.4,27,34,1889,4345,,,,,,
2001,SUZUKI,VITARA 4-DOOR 4X4,SPECIAL PURPOSE,2.0,4,M5,X,10.4,8.5,27,33,1909,4391,,,,,,
2001,SUZUKI,VITARA CONVERTIBLE 4X4,SPECIAL PURPOSE,1.6,4,M5,X,9.2,7.6,31,37,1696,3901,,,,,,
2001,SUZUKI,VITARA CONVERTIBLE 4X4,SPECIAL PURPOSE,2.0,4,A4,X,10.3,8.5,27,33,1898,4365,,,,,,
2001,SUZUKI,VITARA CONVERTIBLE 4X4,SPECIAL PURPOSE,2.0,4,M5,X,10.4,8.6,27,33,1918,4411,,,,,,
2001,SUZUKI,XL-7 4X4,SPECIAL PURPOSE,2.7,6,A4,X,13.8,10.9,20,26,2499,5748,,,,,,
2001,SUZUKI,XL-7 4X4,SPECIAL PURPOSE,2.7,6,M5,X,13.6,10.6,21,27,2450,5635,,,,,,
2001,TOYOTA,4RUNNER 4X4,SPECIAL PURPOSE,3.4,6,A4,X,14.4,11.4,20,25,2610,6003,,,,,,
2001,TOYOTA,AVALON,FULL-SIZE,3.0,6,A4,X,11.2,7.4,25,38,1898,4365,,,,,,
2001,TOYOTA,CAMRY,MID-SIZE,2.2,4,A4,X,10.1,6.8,28,42,1723,3963,,,,,,
2001,TOYOTA,CAMRY,MID-SIZE,2.2,4,M5,X,9.9,6.5,29,43,1674,3850,,,,,,
2001,TOYOTA,CAMRY,MID-SIZE,3.0,6,A4,X,12.0,8.0,24,35,2040,4692,,,,,,
2001,TOYOTA,CAMRY SOLARA,COMPACT,2.2,4,A4,X,10.1,6.8,28,42,1723,3963,,,,,,
2001,TOYOTA,CAMRY SOLARA,COMPACT,3.0,6,A4,X,12.0,8.0,24,35,2040,4692,,,,,,
2001,TOYOTA,CAMRY SOLARA,COMPACT,3.0,6,M5,X,11.2,7.6,25,37,1916,4407,,,,,,
2001,TOYOTA,CAMRY SOLARA CONVERTIBLE,SUBCOMPACT,3.0,6,A4,X,12.5,8.4,23,34,2131,4901,,,,,,
2001,TOYOTA,CELICA,SUBCOMPACT,1.8,4,A4,X,8.2,6.0,34,47,1442,3317,,,,,,
2001,TOYOTA,CELICA,SUBCOMPACT,1.8,4,AS4,Z,10.2,7.3,28,39,1779,4092,,,,,,
2001,TOYOTA,CELICA,SUBCOMPACT,1.8,4,M5,X,8.3,6.5,34,43,1498,3445,,,,,,
2001,TOYOTA,CELICA,SUBCOMPACT,1.8,4,M6,Z,10.2,6.8,28,42,1734,3988,,,,,,
2001,TOYOTA,COROLLA,COMPACT,1.8,4,A4,X,7.7,5.4,37,52,1333,3066,,,,,,
2001,TOYOTA,COROLLA,COMPACT,1.8,4,M5,X,7.3,5.3,39,53,1280,2944,,,,,,
2001,TOYOTA,ECHO,COMPACT,1.5,4,A4,X,7.4,5.6,38,50,1318,3031,,,,,,
2001,TOYOTA,ECHO,COMPACT,1.5,4,M5,X,6.8,5.2,42,54,1216,2797,,,,,,
2001,TOYOTA,PRIUS,COMPACT,1.5,4,AV,X,4.5,4.7,63,60,918,2111,,,,,,
2001,TOYOTA,RAV4 4X4,SPECIAL PURPOSE,2.0,4,A4,X,10.5,8.1,27,35,1884,4333,,,,,,
2001,TOYOTA,RAV4 4X4,SPECIAL PURPOSE,2.0,4,M5,X,10.6,8.0,27,35,1886,4338,,,,,,
2001,TOYOTA,SEQUOIA 4X4,SPECIAL PURPOSE,4.7,8,A4,X,17.4,12.9,16,22,3075,7073,,,,,,
2001,TOYOTA,SIENNA,MINIVAN,3.0,6,A4,X,12.4,8.8,23,32,2156,4959,,,,,,
2001,TOYOTA,TACOMA,PICKUP TRUCK,2.4,4,A4,X,11.2,9.3,25,30,2069,4759,,,,,,
2001,TOYOTA,TACOMA,PICKUP TRUCK,2.4,4,M5,X,11.1,8.9,25,32,2022,4651,,,,,,
2001,TOYOTA,TACOMA,PICKUP TRUCK,2.7,4,A4,X,12.5,10.3,23,27,2302,5295,,,,,,
2001,TOYOTA,TACOMA,PICKUP TRUCK,3.4,6,A4,X,14.1,11.4,20,25,2577,5927,,,,,,
2001,TOYOTA,TACOMA 4X4,PICKUP TRUCK,2.7,4,A4,X,12.4,10.1,23,28,2273,5228,,,,,,
2001,TOYOTA,TACOMA 4X4,PICKUP TRUCK,2.7,4,M5,X,12.9,10.0,22,28,2319,5334,,,,,,
2001,TOYOTA,TACOMA 4X4,PICKUP TRUCK,3.4,6,A4,X,14.4,11.5,20,25,2619,6024,,,,,,
2001,TOYOTA,TACOMA 4X4,PICKUP TRUCK,3.4,6,M5,X,14.0,11.0,20,26,2530,5819,,,,,,
2001,TOYOTA,TUNDRA,PICKUP TRUCK,3.4,6,A4,X,14.4,11.0,20,26,2574,5920,,,,,,
2001,TOYOTA,TUNDRA,PICKUP TRUCK,3.4,6,M5,X,14.1,11.0,20,26,2541,5844,,,,,,
2001,TOYOTA,TUNDRA,PICKUP TRUCK,4.7,8,A4,X,16.0,12.1,18,23,2849,6553,,,,,,
2001,TOYOTA,TUNDRA,PICKUP TRUCK,4.7,8,A5,X,15.7,11.8,18,24,2789,6415,,,,,,
2001,TOYOTA,TUNDRA 4X4,PICKUP TRUCK,3.4,6,A4,X,15.5,12.3,18,23,2812,6468,,,,,,
2001,TOYOTA,TUNDRA 4X4,PICKUP TRUCK,4.7,8,A4,X,16.6,12.6,17,22,2960,6808,,,,,,
2001,VOLKSWAGEN,CABRIO,SUBCOMPACT,2.0,4,A4,X,11.1,7.7,25,37,1914,4402,,,,,,
2001,VOLKSWAGEN,CABRIO,SUBCOMPACT,2.0,4,M5,X,9.8,7.1,29,40,1717,3949,,,,,,
2001,VOLKSWAGEN,GOLF,COMPACT,1.8,4,A4,Z,10.5,7.7,27,37,1848,4250,,,,,,
2001,VOLKSWAGEN,GOLF,COMPACT,1.8,4,M5,Z,9.6,7.0,29,40,1686,3878,,,,,,
2001,VOLKSWAGEN,GOLF,COMPACT,2.0,4,A4,X,10.5,7.6,27,37,1839,4230,,,,,,
2001,VOLKSWAGEN,GOLF,COMPACT,2.0,4,M5,X,9.8,7.0,29,40,1708,3928,,,,,,
2001,VOLKSWAGEN,GOLF TDI DIESEL,COMPACT,1.9,4,A4,D,6.9,4.9,41,58,1200,3240,,,,,,
2001,VOLKSWAGEN,GOLF TDI DIESEL,COMPACT,1.9,4,M5,D,5.7,4.4,50,64,1023,2762,,,,,,
2001,VOLKSWAGEN,GTI,COMPACT,1.8,4,A4,Z,10.5,7.7,27,37,1848,4250,,,,,,
2001,VOLKSWAGEN,GTI,COMPACT,1.8,4,M5,Z,9.6,7.0,29,40,1686,3878,,,,,,
2001,VOLKSWAGEN,GTI,COMPACT,2.8,6,M5,X,11.7,7.6,24,37,1971,4533,,,,,,
2001,VOLKSWAGEN,JETTA,COMPACT,1.8,4,A4,Z,10.5,7.7,27,37,1848,4250,,,,,,
2001,VOLKSWAGEN,JETTA,COMPACT,1.8,4,M5,Z,9.6,7.0,29,40,1686,3878,,,,,,
2001,VOLKSWAGEN,JETTA,COMPACT,2.0,4,A4,X,10.5,7.6,27,37,1839,4230,,,,,,
2001,VOLKSWAGEN,JETTA,COMPACT,2.0,4,M5,X,9.8,7.0,29,40,1708,3928,,,,,,
2001,VOLKSWAGEN,JETTA,COMPACT,2.8,6,A4,X,12.4,8.4,23,34,2120,4876,,,,,,
2001,VOLKSWAGEN,JETTA,COMPACT,2.8,6,M5,X,12.1,7.7,23,37,2024,4655,,,,,,
2001,VOLKSWAGEN,JETTA TDI DIESEL,COMPACT,1.9,4,A4,D,6.9,4.9,41,58,1200,3240,,,,,,
2001,VOLKSWAGEN,JETTA TDI DIESEL,COMPACT,1.9,4,M5,D,5.7,4.4,50,64,1023,2762,,,,,,
2001,VOLKSWAGEN,NEW BEETLE,SUBCOMPACT,1.8,4,A4,Z,10.3,7.4,27,38,1799,4138,,,,,,
2001,VOLKSWAGEN,NEW BEETLE,SUBCOMPACT,1.8,4,M5,Z,9.6,7.2,29,39,1704,3919,,,,,,
2001,VOLKSWAGEN,NEW BEETLE,SUBCOMPACT,2.0,4,A4,X,10.5,7.6,27,37,1839,4230,,,,,,
2001,VOLKSWAGEN,NEW BEETLE,SUBCOMPACT,2.0,4,M5,X,9.8,7.0,29,40,1708,3928,,,,,,
2001,VOLKSWAGEN,NEW BEETLE TDI DIESEL,SUBCOMPACT,1.9,4,A4,D,6.9,4.9,41,58,1200,3240,,,,,,
2001,VOLKSWAGEN,NEW BEETLE TDI DIESEL,SUBCOMPACT,1.9,4,M5,D,5.7,4.4,50,64,1023,2762,,,,,,
2001,VOLKSWAGEN,PASSAT,MID-SIZE,1.8,4,A5,Z,11.8,7.6,24,37,1982,4559,,,,,,
2001,VOLKSWAGEN,PASSAT,MID-SIZE,1.8,4,M5,Z,10.5,7.0,27,40,1785,4106,,,,,,
2001,VOLKSWAGEN,PASSAT,MID-SIZE,2.8,6,A5,Z,13.0,8.3,22,34,2177,5007,,,,,,
2001,VOLKSWAGEN,PASSAT,MID-SIZE,2.8,6,M5,Z,11.9,7.5,24,38,1984,4563,,,,,,
2001,VOLKSWAGEN,PASSAT 4MOTION,COMPACT,2.8,6,A5,Z,13.7,9.1,21,31,2326,5350,,,,,,
2001,VOLKSWAGEN,PASSAT 4MOTION WAGON,STATION WAGON,2.8,6,A5,Z,13.7,9.1,21,31,2326,5350,,,,,,
2001,VOLKSWAGEN,PASSAT WAGON,STATION WAGON,1.8,4,A5,Z,11.8,7.6,24,37,1982,4559,,,,,,
2001,VOLKSWAGEN,PASSAT WAGON,STATION WAGON,1.8,4,M5,Z,10.5,7.0,27,40,1785,4106,,,,,,
2001,VOLKSWAGEN,PASSAT WAGON,STATION WAGON,2.8,6,A5,Z,13.0,8.3,22,34,2177,5007,,,,,,
2001,VOLKSWAGEN,PASSAT WAGON,STATION WAGON,2.8,6,M5,Z,11.9,7.5,24,38,1984,4563,,,,,,
2001,VOLVO,C70 CONVERTIBLE TURBO,SUBCOMPACT,2.3,5,A5,Z,11.9,8.3,24,34,2056,4729,,,,,,
2001,VOLVO,C70 CONVERTIBLE TURBO,SUBCOMPACT,2.3,5,M5,Z,11.5,7.8,25,36,1967,4524,,,,,,
2001,VOLVO,C70 CONVERTIBLE TURBO,SUBCOMPACT,2.4,5,A5,Z,11.8,8.0,24,35,2018,4641,,,,,,
2001,VOLVO,C70 TURBO,COMPACT,2.3,5,A5,Z,11.8,8.1,24,35,2027,4662,,,,,,
2001,VOLVO,C70 TURBO,COMPACT,2.3,5,M5,Z,11.4,7.7,25,37,1947,4478,,,,,,
2001,VOLVO,C70 TURBO,COMPACT,2.4,5,A5,Z,11.4,7.7,25,37,1947,4478,,,,,,
2001,VOLVO,S40 TURBO,COMPACT,1.9,4,A5,Z,10.5,6.8,27,42,1767,4064,,,,,,
2001,VOLVO,S60,COMPACT,2.4,5,A5,Z,11.3,7.8,25,36,1945,4474,,,,,,
2001,VOLVO,S60,COMPACT,2.4,5,M5,Z,11.0,7.8,26,36,1912,4398,,,,,,
2001,VOLVO,S60 2.4T TURBO,COMPACT,2.4,5,A5,Z,11.4,7.7,25,37,1947,4478,,,,,,
2001,VOLVO,S60 2.4T TURBO,COMPACT,2.4,5,AS5,Z,11.4,7.7,25,37,1947,4478,,,,,,
2001,VOLVO,S60 T5 TURBO,COMPACT,2.3,5,AS5,Z,11.8,8.1,24,35,2027,4662,,,,,,
2001,VOLVO,S60 T5 TURBO,COMPACT,2.3,5,M5,Z,11.4,7.7,25,37,1947,4478,,,,,,
2001,VOLVO,S80/S80 EXECUTIVE 2.9,MID-SIZE,2.9,6,A4,Z,12.1,8.1,23,35,2060,4738,,,,,,
2001,VOLVO,S80/S80 EXECUTIVE T-6 TURBO,MID-SIZE,2.8,6,AS4,Z,12.6,8.3,22,34,2133,4906,,,,,,
2001,VOLVO,V40 WAGON TURBO,STATION WAGON,1.9,4,A5,Z,10.5,6.8,27,42,1767,4064,,,,,,
2001,VOLVO,V70 2.4T WAGON TURBO,STATION WAGON,2.4,5,A5,Z,11.8,8.0,24,35,2018,4641,,,,,,
2001,VOLVO,V70 2.4T WAGON TURBO,STATION WAGON,2.4,5,AS5,Z,11.8,8.0,24,35,2018,4641,,,,,,
2001,VOLVO,V70 T5 WAGON TURBO,STATION WAGON,2.3,5,AS5,Z,11.9,8.3,24,34,2056,4729,,,,,,
2001,VOLVO,V70 T5 WAGON TURBO,STATION WAGON,2.3,5,M5,Z,11.5,7.8,25,36,1967,4524,,,,,,
2001,VOLVO,V70 WAGON,STATION WAGON,2.4,5,A5,Z,11.3,7.8,25,36,1945,4474,,,,,,
2001,VOLVO,V70 WAGON,STATION WAGON,2.4,5,M5,Z,11.0,7.8,26,36,1912,4398,,,,,,
2001,VOLVO,V70 WAGON AWD TURBO,STATION WAGON,2.4,5,AS5,Z,12.8,8.7,22,32,2191,5039,,,,,,
2001,VOLVO,V70 XC AWD TURBO,SPECIAL PURPOSE,2.4,5,AS5,Z,13.2,9.7,21,29,2325,5348,,,,,,
,,,,,,,,,,,,,,,,,,,
Understanding the Table,,,,,,,,,,,,,,,,,,,
Model,4WD/4X4 = Four-wheel drive,,,,,,,,,,,,,,,,,,
,AWD = All-wheel drive,,,,,,,,,,,,,,,,,,
,CNG = Compressed natural gas,,,,,,,,,,,,,,,,,,
,FFV = Flexible-fuel vehicle,,,,,,,,,,,,,,,,,,
,NGV = Natural gas vehicle,,,,,,,,,,,,,,,,,,
,# = High output engine that provides more power than the standard engine of the same size,,,,,,,,,,,,,,,,,,
Transmission,A = Automatic,,,,,,,,,,,,,,,,,,
,AM = Automated manual,,,,,,,,,,,,,,,,,,
,AS = Automatic with select shift,,,,,,,,,,,,,,,,,,
,AV = Continuously variable,,,,,,,,,,,,,,,,,,
,M = Manual,,,,,,,,,,,,,,,,,,
,Number of gears (3  8),,,,,,,,,,,,,,,,,,
Fuel Type,D = Diesel,,,,,,,,,,,,,,,,,,
,E = Ethanol (E85),,,,,,,,,,,,,,,,,,
,N = Natural Gas,,,,,,,,,,,,,,,,,,
,X = Regular gasoline,,,,,,,,,,,,,,,,,,
,Z = Premium gasoline,,,,,,,,,,,,,,,,,,
Fuel Consumption,Fuel consumption ratings are shown in litres per 100 kilometres (L/100 km) and in miles per imperial gallon (mi./gal.),,,,,,,,,,,,,,,,,,
Fuel (L) / Year,Estimated annual fuel use is based on 20 000 km driven and a combined rating of 55 percent city and 45 percent highway.,,,,,,,,,,,,,,,,,,
CO2 Emissions (kg) / Year,Annual carbon dioxide emissions are based on estimated annual fuel use and fuel type.,,,,,,,,,,,,,,,,,,
